task_id,agent,config_label,passed,failed,errors,total,functional_correctness,line_coverage,branch_coverage,mutation_score,complexity_cc,maintainability_mi,bloat_ratio,similarity_score,elapsed_s,prompt_tokens,completion_tokens,total_tokens
HumanEval/139,competitive,gemma-1b:few_shot,0,0,0,0,0,19.0,,1.0,2.0,84.76,0.93,0.843,,1590,532,2122
HumanEval/139,competitive,gemma-1b:cot,0,0,0,0,0,19.0,,1.0,2.0,84.76,0.93,0.843,,1590,532,2122
HumanEval/139,competitive,gemma-1b:zero_shot,0,0,0,0,0,19.0,,1.0,2.0,84.76,0.93,0.843,,1590,532,2122
HumanEval/139,competitive,gemma-1b:scot,0,0,0,0,0,19.0,,1.0,2.0,84.76,0.93,0.843,,1590,532,2122
HumanEval/139,competitive,gemma-4b:cot,2,2,0,4,0.5,68.0,,1.0,4.4,74.51,2.53,0.382,,1590,532,2122
HumanEval/139,competitive,gemma-4b:few_shot,2,2,0,4,0.5,75.0,,1.0,3.6,78.21,2.27,0.442,,1590,532,2122
HumanEval/139,competitive,gemma-4b:scot,2,2,0,4,0.5,75.0,,1.0,3.6,78.21,2.27,0.442,,1590,532,2122
HumanEval/139,competitive,gemma-4b:zero_shot,2,2,0,4,0.5,75.0,,1.0,3.6,78.21,2.27,0.442,,1590,532,2122
HumanEval/139,competitive,gemma-12b:zero_shot,2,3,0,5,0.4,88.0,,1.0,2.8,64.95,1.67,0.085,,1590,532,2122
HumanEval/139,competitive,gemma-12b:cot,2,3,0,5,0.4,88.0,,1.0,2.8,64.95,1.67,0.085,,1590,532,2122
HumanEval/139,competitive,gemma-27b:zero_shot,0,0,0,0,0,22.0,,1.0,0,100.0,0.07,0.114,,0,0,0
HumanEval/139,competitive,gemma-27b:cot,0,0,0,0,0,22.0,,1.0,0,100.0,0.07,0.114,,0,0,0
HumanEval/139,competitive,gemma-27b:scot,0,0,0,0,0,22.0,,1.0,0,100.0,0.07,0.114,,0,0,0
HumanEval/139,competitive,gemma-27b:few_shot,0,0,0,0,0,22.0,,1.0,0,100.0,0.07,0.114,,0,0,0
HumanEval/140,competitive,gemma-1b:zero_shot,0,0,0,0,0,12.0,,1.0,4.0,91.72,1.21,0.441,,0,0,0
HumanEval/140,competitive,gemma-1b:scot,0,0,0,0,0,12.0,,1.0,4.0,91.72,1.21,0.441,,0,0,0
HumanEval/139,competitive,gemma-12b:scot,2,3,0,5,0.4,91.0,,1.0,2.8,64.95,1.67,0.098,,0,0,0
HumanEval/140,competitive,gemma-1b:cot,0,0,0,0,0,12.0,,1.0,4.0,90.63,1.29,0.425,,0,0,0
HumanEval/140,competitive,gemma-1b:few_shot,0,0,0,0,0,12.0,,1.0,4.0,91.72,1.21,0.443,,0,0,0
HumanEval/139,competitive,gemma-12b:few_shot,2,3,0,5,0.4,88.0,,1.0,2.8,64.95,1.67,0.085,,0,0,0
HumanEval/140,competitive,gemma-27b:zero_shot,0,0,0,0,0,25.0,,1.0,0,100.0,0.07,0.04,,0,0,0
HumanEval/140,competitive,gemma-27b:cot,0,0,0,0,0,25.0,,1.0,0,100.0,0.07,0.04,,0,0,0
HumanEval/140,competitive,gemma-4b:zero_shot,5,4,0,9,0.556,86.0,,1.0,2.2,75.55,2.86,0.421,,0,0,0
HumanEval/140,competitive,gemma-4b:scot,5,3,0,8,0.625,86.0,,1.0,2.22,77.06,2.71,0.438,,0,0,0
HumanEval/140,competitive,gemma-4b:cot,4,4,0,8,0.5,86.0,,1.0,2.22,75.72,2.86,0.43,,0,0,0
HumanEval/140,competitive,gemma-4b:few_shot,5,3,0,8,0.625,86.0,,1.0,2.22,75.72,2.86,0.418,,0,0,0
HumanEval/140,competitive,gemma-27b:scot,0,0,0,0,0,25.0,,1.0,0,100.0,0.07,0.04,,0,0,0
HumanEval/140,competitive,gemma-27b:few_shot,0,0,0,0,0,25.0,,1.0,0,100.0,0.07,0.04,,0,0,0
HumanEval/140,competitive,gemma-12b:cot,8,4,0,12,0.667,100.0,,1.0,2.0,52.19,1.79,0.086,,0,0,0
HumanEval/140,competitive,gemma-12b:zero_shot,8,4,0,12,0.667,100.0,,1.0,2.0,52.19,1.79,0.086,,0,0,0
HumanEval/140,competitive,gemma-12b:few_shot,8,4,0,12,0.667,100.0,,1.0,2.0,52.19,1.79,0.086,,0,0,0
HumanEval/140,competitive,gemma-12b:scot,8,4,0,12,0.667,100.0,,1.0,2.0,52.19,1.79,0.086,,0,0,0
HumanEval/141,competitive,gemma-4b:zero_shot,6,6,0,12,0.5,63.0,,1.0,2.54,69.83,2.59,0.487,,1455,0,1455
HumanEval/141,competitive,gemma-4b:cot,6,6,0,12,0.5,63.0,,1.0,2.54,69.83,2.59,0.487,,1746,0,1746
HumanEval/141,competitive,gemma-4b:scot,10,3,0,13,0.769,76.0,,1.0,2.43,70.77,2.5,0.541,,1746,0,1746
HumanEval/141,competitive,gemma-4b:few_shot,6,6,0,12,0.5,63.0,,1.0,2.54,69.83,2.59,0.488,,1746,0,1746
HumanEval/141,competitive,gemma-12b:cot,7,3,0,10,0.7,92.0,,1.0,4.0,41.86,1.86,0.012,,1746,0,1746
HumanEval/141,competitive,gemma-12b:zero_shot,7,2,0,9,0.778,97.0,,1.0,4.11,43.1,1.73,0.01,,1746,0,1746
HumanEval/141,competitive,gemma-27b:zero_shot,0,0,0,0,0,10.0,,1.0,0,100.0,0.05,0.065,,0,0,0
HumanEval/141,competitive,gemma-27b:cot,0,0,0,0,0,10.0,,1.0,0,100.0,0.05,0.065,,0,0,0
HumanEval/141,competitive,gemma-27b:scot,0,0,0,0,0,10.0,,1.0,0,100.0,0.05,0.065,,0,0,0
HumanEval/141,competitive,gemma-27b:few_shot,0,0,0,0,0,10.0,,1.0,0,100.0,0.05,0.065,,0,0,0
HumanEval/141,competitive,gemma-12b:scot,8,1,0,9,0.889,96.0,,1.0,4.0,43.64,1.68,0.022,,0,0,0
HumanEval/141,competitive,gemma-1b:zero_shot,0,0,1,1,0.0,,,1.0,0,0,0,0.003,,0,0,0
HumanEval/141,competitive,gemma-1b:cot,0,0,1,1,0.0,,,1.0,0,0,0,0.001,,0,0,0
HumanEval/141,competitive,gemma-1b:scot,0,0,1,1,0.0,,,1.0,0,0,0,0.002,,0,0,0
HumanEval/141,competitive,gemma-1b:few_shot,0,0,1,1,0.0,,,1.0,0,0,0,0.002,,0,0,0
HumanEval/141,competitive,gemma-12b:few_shot,7,2,0,9,0.778,97.0,,1.0,4.11,43.1,1.73,0.01,,0,0,0
HumanEval/142,competitive,gemma-1b:zero_shot,0,0,0,0,0,9.0,,1.0,7.0,86.31,1.11,0.901,,235,281,516
HumanEval/142,competitive,gemma-1b:cot,0,0,0,0,0,9.0,,1.0,7.0,86.31,1.11,0.901,,235,281,516
HumanEval/142,competitive,gemma-1b:scot,0,0,0,0,0,10.0,,1.0,6.0,87.51,1.0,0.93,,0,0,0
HumanEval/142,competitive,gemma-1b:few_shot,0,0,0,0,0,9.0,,1.0,7.0,86.31,1.11,0.901,,0,0,0
HumanEval/142,competitive,gemma-27b:zero_shot,0,0,0,0,0,12.0,,1.0,0,100.0,0.05,0.076,,0,0,0
HumanEval/142,competitive,gemma-27b:cot,0,0,0,0,0,12.0,,1.0,0,100.0,0.05,0.076,,0,0,0
HumanEval/142,competitive,gemma-4b:cot,1,7,0,8,0.125,70.0,,1.0,2.33,74.33,1.79,0.622,,0,0,0
HumanEval/142,competitive,gemma-4b:few_shot,1,7,0,8,0.125,70.0,,1.0,2.33,74.33,1.79,0.622,,0,0,0
HumanEval/142,competitive,gemma-4b:scot,1,7,0,8,0.125,70.0,,1.0,2.33,74.33,1.79,0.622,,0,0,0
HumanEval/142,competitive,gemma-4b:zero_shot,1,7,0,8,0.125,70.0,,1.0,2.33,74.33,1.79,0.622,,0,0,0
HumanEval/142,competitive,gemma-12b:zero_shot,5,5,0,10,0.5,74.0,,1.0,2.33,70.75,2.16,0.563,,0,0,0
HumanEval/142,competitive,gemma-12b:cot,5,5,0,10,0.5,74.0,,1.0,2.33,70.75,2.16,0.563,,235,0,235
HumanEval/142,competitive,gemma-12b:few_shot,5,5,0,10,0.5,74.0,,1.0,2.33,70.75,2.16,0.563,,470,0,470
HumanEval/142,competitive,gemma-27b:scot,0,0,0,0,0,12.0,,1.0,0,100.0,0.05,0.076,,0,0,0
HumanEval/142,competitive,gemma-12b:scot,5,5,0,10,0.5,74.0,,1.0,2.33,70.75,2.16,0.563,,470,0,470
HumanEval/142,competitive,gemma-27b:few_shot,0,0,0,0,0,12.0,,1.0,0,100.0,0.05,0.076,,0,0,0
HumanEval/143,competitive,gemma-1b:zero_shot,0,0,0,0,0,13.0,,1.0,3.0,85.74,1.55,0.789,,223,277,500
HumanEval/143,competitive,gemma-1b:cot,0,0,0,0,0,13.0,,1.0,3.0,85.74,1.55,0.789,,223,277,500
HumanEval/143,competitive,gemma-1b:scot,0,0,0,0,0,13.0,,1.0,3.0,85.74,1.55,0.789,,223,277,500
HumanEval/143,competitive,gemma-1b:few_shot,0,0,0,0,0,13.0,,1.0,3.0,85.74,1.55,0.789,,669,277,946
HumanEval/143,competitive,gemma-4b:cot,4,6,0,10,0.4,94.0,,1.0,2.25,76.25,2.55,0.476,,0,0,0
HumanEval/143,competitive,gemma-4b:zero_shot,7,4,0,11,0.636,94.0,,1.0,2.23,75.14,2.65,0.454,,0,0,0
HumanEval/143,competitive,gemma-27b:zero_shot,0,0,0,0,0,40.0,,1.0,0,100.0,0.05,0.059,,0,0,0
HumanEval/143,competitive,gemma-27b:cot,0,0,0,0,0,40.0,,1.0,0,100.0,0.05,0.059,,0,0,0
HumanEval/143,competitive,gemma-27b:scot,0,0,0,0,0,40.0,,1.0,0,100.0,0.05,0.059,,0,0,0
HumanEval/143,competitive,gemma-27b:few_shot,0,0,0,0,0,40.0,,1.0,0,100.0,0.05,0.059,,0,0,0
HumanEval/143,competitive,gemma-4b:few_shot,7,4,0,11,0.636,94.0,,1.0,2.23,75.14,2.65,0.454,,0,0,0
HumanEval/143,competitive,gemma-4b:scot,6,5,0,11,0.545,94.0,,1.0,2.23,75.14,2.65,0.454,,0,0,0
HumanEval/143,competitive,gemma-12b:zero_shot,4,8,0,12,0.333,94.0,,1.0,2.27,72.44,2.75,0.421,,223,0,223
HumanEval/143,competitive,gemma-12b:scot,4,8,0,12,0.333,94.0,,1.0,2.27,72.44,2.75,0.422,,434,159,593
HumanEval/143,competitive,gemma-12b:few_shot,4,9,0,13,0.308,94.0,,1.0,2.25,71.24,2.85,0.408,,434,159,593
HumanEval/143,competitive,gemma-12b:cot,3,10,0,13,0.231,94.0,,1.0,2.25,71.24,2.85,0.407,,0,0,0
HumanEval/144,competitive,gemma-1b:zero_shot,0,0,0,0,0,14.0,,1.0,4.0,65.59,1.0,0.087,,217,81,298
HumanEval/144,competitive,gemma-1b:cot,0,0,0,0,0,18.0,,1.0,3.0,67.09,0.77,0.078,,0,0,0
HumanEval/144,competitive,gemma-1b:scot,0,0,0,0,0,16.0,,1.0,4.0,66.27,0.77,0.098,,0,0,0
HumanEval/144,competitive,gemma-1b:few_shot,0,0,0,0,0,16.0,,1.0,4.0,66.27,0.77,0.098,,0,0,0
HumanEval/144,competitive,gemma-4b:zero_shot,2,1,0,3,0.667,78.0,,1.0,5.75,73.09,3.08,0.508,,0,0,0
HumanEval/144,competitive,gemma-4b:cot,2,1,0,3,0.667,78.0,,1.0,5.75,73.09,3.08,0.51,,0,0,0
HumanEval/144,competitive,gemma-27b:zero_shot,0,0,0,0,0,40.0,,1.0,0,100.0,0.08,0.056,,0,0,0
HumanEval/144,competitive,gemma-4b:scot,3,2,0,5,0.6,89.0,,1.0,3.33,75.19,3.0,0.522,,217,0,217
HumanEval/144,competitive,gemma-27b:cot,0,0,0,0,0,40.0,,1.0,0,100.0,0.08,0.056,,0,0,0
HumanEval/144,competitive,gemma-4b:few_shot,2,1,0,3,0.667,78.0,,1.0,5.75,73.09,3.08,0.508,,0,0,0
HumanEval/144,competitive,gemma-27b:scot,0,0,0,0,0,40.0,,1.0,0,100.0,0.08,0.056,,0,0,0
HumanEval/144,competitive,gemma-27b:few_shot,0,0,0,0,0,40.0,,1.0,0,100.0,0.08,0.056,,0,0,0
HumanEval/144,competitive,gemma-12b:zero_shot,1,2,0,3,0.333,57.0,,1.0,13.0,56.63,4.92,0.346,,434,0,434
HumanEval/144,competitive,gemma-12b:cot,1,2,0,3,0.333,68.0,,1.0,11.8,58.81,4.62,0.351,,0,0,0
HumanEval/144,competitive,gemma-12b:scot,1,2,0,3,0.333,53.0,,1.0,14.6,53.59,5.38,0.32,,0,0,0
HumanEval/144,competitive,gemma-12b:few_shot,1,2,0,3,0.333,57.0,,1.0,13.0,56.63,4.92,0.346,,0,0,0
HumanEval/145,competitive,gemma-1b:cot,0,0,0,0,0,14.0,,1.0,1.0,95.12,0.8,0.634,,191,0,191
HumanEval/145,competitive,gemma-1b:zero_shot,0,0,0,0,0,14.0,,1.0,1.0,95.12,0.8,0.634,,191,0,191
HumanEval/145,competitive,gemma-1b:scot,0,0,0,0,0,14.0,,1.0,1.0,95.12,0.8,0.634,,573,0,573
HumanEval/145,competitive,gemma-1b:few_shot,0,0,0,0,0,14.0,,1.0,1.0,95.12,0.8,0.634,,0,0,0
HumanEval/145,competitive,gemma-4b:zero_shot,4,4,0,8,0.5,72.0,,1.0,1.89,78.19,1.65,0.398,,0,0,0
HumanEval/145,competitive,gemma-27b:zero_shot,0,0,0,0,0,15.0,,1.0,0,100.0,0.05,0.055,,0,0,0
HumanEval/145,competitive,gemma-27b:cot,0,0,0,0,0,15.0,,1.0,0,100.0,0.05,0.055,,0,0,0
HumanEval/145,competitive,gemma-4b:scot,4,4,0,8,0.5,72.0,,1.0,1.89,78.19,1.65,0.398,,0,0,0
HumanEval/145,competitive,gemma-4b:cot,3,5,0,8,0.375,72.0,,1.0,1.89,78.19,1.65,0.393,,0,0,0
HumanEval/145,competitive,gemma-4b:few_shot,4,4,0,8,0.5,72.0,,1.0,1.89,78.19,1.65,0.398,,0,0,0
HumanEval/145,competitive,gemma-12b:zero_shot,5,5,0,10,0.5,75.0,,1.0,2.0,73.63,1.9,0.364,,382,0,382
HumanEval/145,competitive,gemma-12b:cot,4,6,0,10,0.4,75.0,,1.0,2.0,73.43,1.9,0.374,,382,0,382
HumanEval/145,competitive,gemma-27b:scot,0,0,0,0,0,15.0,,1.0,0,100.0,0.05,0.055,,0,0,0
HumanEval/145,competitive,gemma-27b:few_shot,0,0,0,0,0,15.0,,1.0,0,100.0,0.05,0.055,,0,0,0
HumanEval/145,competitive,gemma-12b:few_shot,4,6,0,10,0.4,75.0,,1.0,2.0,73.43,1.9,0.374,,384,406,790
HumanEval/145,competitive,gemma-12b:scot,4,6,0,10,0.4,75.0,,1.0,2.0,73.43,1.9,0.368,,384,406,790
HumanEval/146,competitive,gemma-1b:zero_shot,0,0,0,0,0,14.0,,1.0,5.0,91.26,1.08,0.751,,0,0,0
HumanEval/146,competitive,gemma-1b:cot,0,0,0,0,0,14.0,,1.0,5.0,91.26,1.08,0.751,,0,0,0
HumanEval/146,competitive,gemma-1b:scot,0,0,0,0,0,14.0,,1.0,5.0,91.26,1.08,0.751,,0,0,0
HumanEval/146,competitive,gemma-1b:few_shot,0,0,0,0,0,14.0,,1.0,5.0,91.26,1.08,0.751,,0,0,0
HumanEval/146,competitive,gemma-27b:zero_shot,0,0,0,0,0,18.0,,1.0,0,100.0,0.08,0.088,,0,0,0
HumanEval/146,competitive,gemma-27b:cot,0,0,0,0,0,18.0,,1.0,0,100.0,0.08,0.088,,0,0,0
HumanEval/146,competitive,gemma-4b:cot,9,2,0,11,0.818,81.0,,1.0,2.33,68.9,3.15,0.366,,0,0,0
HumanEval/146,competitive,gemma-4b:zero_shot,10,2,0,12,0.833,82.0,,1.0,2.31,67.9,3.31,0.354,,0,0,0
HumanEval/146,competitive,gemma-4b:scot,8,4,0,12,0.667,82.0,,1.0,2.31,67.81,3.31,0.373,,0,0,0
HumanEval/146,competitive,gemma-4b:few_shot,9,2,0,11,0.818,81.0,,1.0,2.33,68.9,3.15,0.366,,0,0,0
HumanEval/146,competitive,gemma-27b:scot,0,0,0,0,0,18.0,,1.0,0,100.0,0.08,0.088,,0,0,0
HumanEval/146,competitive,gemma-27b:few_shot,0,0,0,0,0,18.0,,1.0,0,100.0,0.08,0.088,,0,0,0
HumanEval/146,competitive,gemma-12b:cot,6,4,0,10,0.6,81.0,,1.0,2.33,70.46,2.85,0.39,,0,0,0
HumanEval/146,competitive,gemma-12b:scot,7,3,0,10,0.7,81.0,,1.0,2.33,70.46,2.85,0.384,,0,0,0
HumanEval/146,competitive,gemma-12b:zero_shot,7,5,0,12,0.583,82.0,,1.0,2.29,67.03,3.15,0.357,,0,0,0
HumanEval/146,competitive,gemma-12b:few_shot,9,4,0,13,0.692,83.0,,1.0,2.27,65.73,3.31,0.321,,0,0,0
HumanEval/147,competitive,gemma-1b:cot,0,0,0,0,0,16.0,,1.0,7.0,79.56,1.24,0.681,,0,0,0
HumanEval/147,competitive,gemma-1b:zero_shot,0,0,0,0,0,16.0,,1.0,5.0,80.46,1.24,0.675,,0,0,0
HumanEval/147,competitive,gemma-1b:scot,0,0,0,0,0,16.0,,1.0,7.0,79.56,1.24,0.681,,0,0,0
HumanEval/147,competitive,gemma-1b:few_shot,0,0,0,0,0,16.0,,1.0,7.0,79.56,1.24,0.681,,0,0,0
HumanEval/147,competitive,gemma-27b:zero_shot,0,0,0,0,0,25.0,,1.0,0,100.0,0.06,0.055,,0,0,0
HumanEval/147,competitive,gemma-4b:zero_shot,4,6,0,10,0.4,87.0,,1.0,2.36,75.89,2.47,0.463,,0,0,0
HumanEval/147,competitive,gemma-27b:cot,0,0,0,0,0,25.0,,1.0,0,100.0,0.06,0.055,,0,0,0
HumanEval/147,competitive,gemma-4b:cot,4,6,0,10,0.4,87.0,,1.0,2.36,75.89,2.47,0.463,,244,0,244
HumanEval/147,competitive,gemma-4b:scot,4,6,0,10,0.4,87.0,,1.0,2.36,75.89,2.47,0.463,,244,0,244
HumanEval/147,competitive,gemma-12b:cot,4,6,0,10,0.4,87.0,,1.0,2.42,74.07,2.53,0.445,,244,0,244
HumanEval/147,competitive,gemma-4b:few_shot,4,6,0,10,0.4,87.0,,1.0,2.36,75.89,2.47,0.463,,244,0,244
HumanEval/147,competitive,gemma-12b:zero_shot,4,6,0,10,0.4,87.0,,1.0,2.42,74.07,2.53,0.445,,244,0,244
HumanEval/147,competitive,gemma-27b:scot,0,0,0,0,0,25.0,,1.0,0,100.0,0.06,0.055,,0,0,0
HumanEval/147,competitive,gemma-27b:few_shot,0,0,0,0,0,25.0,,1.0,0,100.0,0.06,0.055,,0,0,0
HumanEval/147,competitive,gemma-12b:scot,4,6,0,10,0.4,87.0,,1.0,2.42,74.07,2.53,0.445,,0,0,0
HumanEval/147,competitive,gemma-12b:few_shot,4,6,0,10,0.4,87.0,,1.0,2.42,74.07,2.53,0.445,,0,0,0
HumanEval/148,competitive,gemma-1b:zero_shot,0,0,0,0,0,11.0,,1.0,5.0,90.48,2.19,0.596,,0,0,0
HumanEval/148,competitive,gemma-1b:cot,0,0,0,0,0,11.0,,1.0,5.0,90.48,2.19,0.596,,0,0,0
HumanEval/148,competitive,gemma-1b:scot,0,0,0,0,0,11.0,,1.0,5.0,90.48,2.19,0.596,,0,0,0
HumanEval/148,competitive,gemma-1b:few_shot,0,0,0,0,0,11.0,,1.0,5.0,90.48,2.19,0.596,,0,0,0
HumanEval/148,competitive,gemma-4b:zero_shot,11,3,0,14,0.786,87.0,,1.0,2.13,72.87,2.71,0.535,,536,0,536
HumanEval/148,competitive,gemma-4b:cot,11,3,0,14,0.786,87.0,,1.0,2.13,72.87,2.71,0.535,,0,0,0
HumanEval/148,competitive,gemma-4b:scot,11,3,0,14,0.786,87.0,,1.0,2.13,72.87,2.71,0.535,,0,0,0
HumanEval/148,competitive,gemma-4b:few_shot,7,7,0,14,0.5,87.0,,1.0,2.13,72.87,2.71,0.535,,0,0,0
HumanEval/148,competitive,gemma-27b:zero_shot,0,0,0,0,0,22.0,,1.0,0,100.0,0.05,0.04,,0,0,0
HumanEval/148,competitive,gemma-27b:cot,0,0,0,0,0,22.0,,1.0,0,100.0,0.05,0.04,,0,0,0
HumanEval/148,competitive,gemma-12b:zero_shot,11,2,0,13,0.846,100.0,,1.0,2.0,51.01,1.29,0.017,,0,0,0
HumanEval/148,competitive,gemma-12b:cot,11,2,0,13,0.846,100.0,,1.0,2.0,51.01,1.29,0.017,,268,0,268
HumanEval/148,competitive,gemma-27b:scot,0,0,0,0,0,22.0,,1.0,0,100.0,0.05,0.04,,0,0,0
HumanEval/148,competitive,gemma-27b:few_shot,0,0,0,0,0,22.0,,1.0,0,100.0,0.05,0.04,,0,0,0
HumanEval/148,competitive,gemma-12b:scot,11,2,0,13,0.846,100.0,,1.0,2.0,51.01,1.29,0.017,,0,0,0
HumanEval/148,competitive,gemma-12b:few_shot,11,2,0,13,0.846,100.0,,1.0,2.0,51.01,1.29,0.019,,522,538,1060
HumanEval/149,competitive,gemma-1b:zero_shot,0,0,0,0,0,18.0,,1.0,3.0,80.85,1.05,0.791,,0,0,0
HumanEval/149,competitive,gemma-1b:cot,0,0,0,0,0,18.0,,1.0,3.0,80.85,1.05,0.791,,261,0,261
HumanEval/149,competitive,gemma-1b:scot,0,0,0,0,0,18.0,,1.0,3.0,80.85,1.05,0.791,,261,0,261
HumanEval/149,competitive,gemma-1b:few_shot,0,0,0,0,0,18.0,,1.0,3.0,80.85,1.05,0.79,,0,0,0
HumanEval/149,competitive,gemma-4b:zero_shot,7,1,0,8,0.875,79.0,,1.0,2.11,82.0,1.81,0.578,,0,0,0
HumanEval/149,competitive,gemma-4b:cot,8,1,0,9,0.889,80.0,,1.0,2.1,80.76,1.9,0.56,,522,0,522
HumanEval/149,competitive,gemma-4b:scot,7,1,0,8,0.875,79.0,,1.0,2.11,82.0,1.81,0.578,,261,0,261
HumanEval/149,competitive,gemma-4b:few_shot,7,1,0,8,0.875,79.0,,1.0,2.11,82.0,1.81,0.578,,0,0,0
HumanEval/149,competitive,gemma-27b:zero_shot,0,0,0,0,0,20.0,,1.0,0,100.0,0.05,0.052,,0,0,0
HumanEval/149,competitive,gemma-27b:cot,0,0,0,0,0,20.0,,1.0,0,100.0,0.05,0.052,,0,0,0
HumanEval/149,competitive,gemma-27b:scot,0,0,0,0,0,20.0,,1.0,0,100.0,0.05,0.052,,0,0,0
HumanEval/149,competitive,gemma-12b:zero_shot,10,1,0,11,0.909,79.0,,1.0,2.15,77.58,2.0,0.491,,261,0,261
HumanEval/149,competitive,gemma-27b:few_shot,0,0,0,0,0,20.0,,1.0,0,100.0,0.05,0.052,,0,0,0
HumanEval/149,competitive,gemma-12b:cot,11,0,0,11,1.0,79.0,,0.0,2.15,77.58,2.0,0.498,,522,0,522
HumanEval/149,competitive,gemma-12b:few_shot,10,0,0,10,1.0,78.0,,0.0,2.17,78.94,1.9,0.515,,0,0,0
HumanEval/149,competitive,gemma-12b:scot,10,1,0,11,0.909,79.0,,1.0,2.15,77.58,2.0,0.491,,0,0,0
HumanEval/150,competitive,gemma-1b:zero_shot,0,0,0,0,0,17.0,,1.0,4.0,97.14,1.4,0.672,,0,0,0
HumanEval/150,competitive,gemma-1b:cot,0,0,0,0,0,17.0,,1.0,4.0,97.14,1.4,0.672,,0,0,0
HumanEval/150,competitive,gemma-1b:scot,0,0,0,0,0,17.0,,1.0,4.0,97.14,1.4,0.672,,0,0,0
HumanEval/150,competitive,gemma-1b:few_shot,0,0,0,0,0,17.0,,1.0,4.0,97.14,1.4,0.672,,0,0,0
HumanEval/150,competitive,gemma-4b:cot,8,0,0,8,1.0,91.0,,0.25,2.22,76.44,3.1,0.434,,0,0,0
HumanEval/150,competitive,gemma-4b:zero_shot,8,0,0,8,1.0,91.0,,0.25,2.22,76.44,3.1,0.434,,0,0,0
HumanEval/150,competitive,gemma-4b:scot,8,0,0,8,1.0,91.0,,0.25,2.22,76.44,3.1,0.434,,159,0,159
HumanEval/150,competitive,gemma-4b:few_shot,8,0,0,8,1.0,91.0,,0.25,2.22,76.44,3.1,0.41,,159,0,159
HumanEval/150,competitive,gemma-27b:zero_shot,0,0,0,0,0,40.0,,1.0,0,100.0,0.1,0.125,,0,0,0
HumanEval/150,competitive,gemma-27b:cot,0,0,0,0,0,40.0,,1.0,0,100.0,0.1,0.125,,0,0,0
HumanEval/150,competitive,gemma-12b:zero_shot,5,0,0,5,1.0,94.0,,0.25,4.25,64.64,4.4,0.128,,0,0,0
HumanEval/150,competitive,gemma-27b:scot,0,0,0,0,0,40.0,,1.0,0,100.0,0.1,0.125,,0,0,0
HumanEval/150,competitive,gemma-12b:cot,5,0,0,5,1.0,94.0,,0.25,4.25,64.64,4.4,0.128,,318,0,318
HumanEval/150,competitive,gemma-27b:few_shot,0,0,0,0,0,40.0,,1.0,0,100.0,0.1,0.125,,0,0,0
HumanEval/150,competitive,gemma-12b:few_shot,5,0,0,5,1.0,94.0,,0.25,4.25,64.64,4.4,0.128,,0,0,0
HumanEval/150,competitive,gemma-12b:scot,5,0,0,5,1.0,94.0,,0.25,4.12,65.65,4.3,0.271,,213,69,282
HumanEval/151,competitive,gemma-1b:zero_shot,0,0,0,0,0,14.0,,1.0,4.0,70.27,0.4,0.351,,0,0,0
HumanEval/151,competitive,gemma-1b:cot,0,0,0,0,0,14.0,,1.0,4.0,70.27,0.4,0.351,,213,0,213
HumanEval/151,competitive,gemma-1b:scot,0,0,0,0,0,12.0,,1.0,5.0,66.87,0.53,0.136,,213,0,213
HumanEval/151,competitive,gemma-1b:few_shot,0,0,0,0,0,14.0,,1.0,4.0,70.27,0.4,0.351,,213,0,213
HumanEval/151,competitive,gemma-4b:zero_shot,7,4,0,11,0.636,80.0,,1.0,2.17,74.38,2.53,0.422,,426,0,426
HumanEval/151,competitive,gemma-4b:cot,6,5,0,11,0.545,80.0,,1.0,2.17,74.49,2.53,0.425,,426,0,426
HumanEval/151,competitive,gemma-4b:few_shot,7,4,0,11,0.636,80.0,,1.0,2.17,74.38,2.53,0.422,,426,0,426
HumanEval/151,competitive,gemma-4b:scot,7,4,0,11,0.636,80.0,,1.0,2.17,74.38,2.53,0.422,,426,0,426
HumanEval/151,competitive,gemma-27b:zero_shot,0,0,0,0,0,18.0,,1.0,0,100.0,0.07,0.076,,0,0,0
HumanEval/151,competitive,gemma-27b:cot,0,0,0,0,0,18.0,,1.0,0,100.0,0.07,0.076,,0,0,0
HumanEval/151,competitive,gemma-12b:zero_shot,13,1,0,14,0.929,100.0,,1.0,2.0,46.68,1.93,0.061,,0,0,0
HumanEval/151,competitive,gemma-12b:cot,13,2,0,15,0.867,100.0,,1.0,2.0,45.25,2.07,0.008,,0,0,0
HumanEval/151,competitive,gemma-27b:scot,0,0,0,0,0,18.0,,1.0,0,100.0,0.07,0.076,,0,0,0
HumanEval/151,competitive,gemma-27b:few_shot,0,0,0,0,0,18.0,,1.0,0,100.0,0.07,0.076,,0,0,0
HumanEval/151,competitive,gemma-12b:scot,13,2,0,15,0.867,100.0,,1.0,2.0,46.54,2.07,0.015,,0,0,0
HumanEval/152,competitive,gemma-1b:zero_shot,0,0,0,0,0,27.0,,1.0,3.0,70.77,0.69,0.086,,0,0,0
HumanEval/151,competitive,gemma-12b:few_shot,13,2,0,15,0.867,100.0,,1.0,2.0,46.54,2.07,0.015,,299,71,370
HumanEval/152,competitive,gemma-1b:cot,0,0,0,0,0,27.0,,1.0,3.0,70.77,0.69,0.086,,0,0,0
HumanEval/152,competitive,gemma-1b:few_shot,0,0,0,0,0,27.0,,1.0,3.0,70.77,0.69,0.086,,0,0,0
HumanEval/152,competitive,gemma-1b:scot,0,0,0,0,0,27.0,,1.0,3.0,70.44,0.69,0.08,,598,0,598
HumanEval/152,competitive,gemma-4b:zero_shot,6,0,0,6,1.0,96.0,,0.0,2.14,81.91,2.46,0.649,,0,0,0
HumanEval/152,competitive,gemma-4b:cot,6,0,0,6,1.0,96.0,,0.0,2.14,81.91,2.46,0.649,,0,0,0
HumanEval/152,competitive,gemma-27b:cot,0,0,0,0,0,67.0,,1.0,0,100.0,0.08,0.043,,0,0,0
HumanEval/152,competitive,gemma-27b:zero_shot,0,0,0,0,0,67.0,,1.0,0,100.0,0.08,0.043,,0,0,0
HumanEval/152,competitive,gemma-4b:scot,7,0,0,7,1.0,97.0,,0.0,2.25,79.19,2.69,0.612,,0,0,0
HumanEval/152,competitive,gemma-27b:scot,0,0,0,0,0,67.0,,1.0,0,100.0,0.08,0.043,,0,0,0
HumanEval/152,competitive,gemma-27b:few_shot,0,0,0,0,0,67.0,,1.0,0,100.0,0.08,0.043,,0,0,0
HumanEval/152,competitive,gemma-4b:few_shot,6,0,0,6,1.0,96.0,,0.0,2.14,81.91,2.46,0.649,,0,0,0
HumanEval/152,competitive,gemma-12b:cot,8,0,0,8,1.0,97.0,,0.0,2.3,77.38,2.92,0.596,,0,0,0
HumanEval/152,competitive,gemma-12b:few_shot,8,0,0,8,1.0,97.0,,0.0,2.3,77.38,2.92,0.599,,342,411,753
HumanEval/152,competitive,gemma-12b:scot,8,0,0,8,1.0,97.0,,0.0,2.3,77.38,2.92,0.599,,342,411,753
HumanEval/152,competitive,gemma-12b:zero_shot,8,0,0,8,1.0,97.0,,0.0,2.3,77.38,2.92,0.596,,342,411,753
HumanEval/153,competitive,gemma-1b:zero_shot,0,0,0,0,0,9.0,,1.0,6.0,87.38,1.22,0.784,,0,0,0
HumanEval/153,competitive,gemma-1b:cot,0,0,0,0,0,9.0,,1.0,6.0,87.38,1.22,0.784,,0,0,0
HumanEval/153,competitive,gemma-1b:scot,0,0,0,0,0,9.0,,1.0,6.0,87.38,1.22,0.784,,0,0,0
HumanEval/153,competitive,gemma-1b:few_shot,0,0,0,0,0,9.0,,1.0,6.0,60.82,0.63,0.139,,0,0,0
HumanEval/153,competitive,gemma-4b:zero_shot,10,0,0,10,1.0,70.0,,0.2,2.45,78.03,1.78,0.522,,684,0,684
HumanEval/153,competitive,gemma-4b:cot,10,0,0,10,1.0,70.0,,0.2,2.45,78.03,1.78,0.522,,684,0,684
HumanEval/153,competitive,gemma-27b:zero_shot,0,0,0,0,0,11.0,,1.0,0,100.0,0.04,0.041,,0,0,0
HumanEval/153,competitive,gemma-4b:scot,10,0,0,10,1.0,70.0,,0.2,2.45,78.03,1.78,0.522,,0,0,0
HumanEval/153,competitive,gemma-27b:cot,0,0,0,0,0,11.0,,1.0,0,100.0,0.04,0.041,,0,0,0
HumanEval/153,competitive,gemma-12b:cot,10,0,0,10,1.0,75.0,,0.2,2.36,75.3,1.96,0.551,,342,0,342
HumanEval/153,competitive,gemma-4b:few_shot,9,1,0,10,0.9,70.0,,1.0,2.45,78.03,1.78,0.522,,342,0,342
HumanEval/153,competitive,gemma-12b:zero_shot,11,1,0,12,0.917,77.0,,1.0,2.31,73.15,2.11,0.517,,342,0,342
HumanEval/153,competitive,gemma-27b:scot,0,0,0,0,0,11.0,,1.0,0,100.0,0.04,0.041,,0,0,0
HumanEval/153,competitive,gemma-27b:few_shot,0,0,0,0,0,11.0,,1.0,0,100.0,0.04,0.041,,0,0,0
HumanEval/153,competitive,gemma-12b:scot,12,0,0,12,1.0,77.0,,0.2,2.31,73.15,2.11,0.496,,0,0,0
HumanEval/153,competitive,gemma-12b:few_shot,10,0,0,10,1.0,75.0,,0.2,2.36,75.3,1.96,0.553,,0,0,0
HumanEval/154,competitive,gemma-1b:zero_shot,0,0,0,0,0,12.0,,1.0,4.0,93.68,1.0,0.866,,0,0,0
HumanEval/154,competitive,gemma-1b:cot,0,0,0,0,0,12.0,,1.0,4.0,93.68,1.0,0.866,,0,0,0
HumanEval/154,competitive,gemma-1b:scot,0,0,0,0,0,12.0,,1.0,4.0,93.68,1.0,0.866,,192,0,192
HumanEval/154,competitive,gemma-1b:few_shot,0,0,0,0,0,12.0,,1.0,4.0,93.68,1.0,0.866,,0,0,0
HumanEval/154,competitive,gemma-4b:zero_shot,11,4,0,15,0.733,71.0,,1.0,2.12,69.89,2.59,0.413,,576,0,576
HumanEval/154,competitive,gemma-27b:zero_shot,0,0,0,0,0,11.0,,1.0,0,100.0,0.06,0.074,,0,0,0
HumanEval/154,competitive,gemma-4b:scot,12,1,0,13,0.923,71.0,,1.0,2.27,69.46,2.65,0.384,,0,0,0
HumanEval/154,competitive,gemma-4b:cot,6,1,0,7,0.857,68.0,,1.0,3.89,67.02,2.71,0.374,,0,0,0
HumanEval/154,competitive,gemma-4b:few_shot,4,2,0,6,0.667,62.0,,1.0,4.43,69.76,2.41,0.386,,0,0,0
HumanEval/154,competitive,gemma-27b:cot,0,0,0,0,0,11.0,,1.0,0,100.0,0.06,0.074,,0,0,0
HumanEval/154,competitive,gemma-12b:zero_shot,3,3,0,6,0.5,71.0,,1.0,5.12,63.63,2.94,0.366,,0,0,0
HumanEval/154,competitive,gemma-12b:cot,2,3,0,5,0.4,71.0,,1.0,5.43,66.21,2.71,0.392,,192,0,192
HumanEval/154,competitive,gemma-27b:scot,0,0,0,0,0,11.0,,1.0,0,100.0,0.06,0.074,,0,0,0
HumanEval/154,competitive,gemma-27b:few_shot,0,0,0,0,0,11.0,,1.0,0,100.0,0.06,0.074,,0,0,0
HumanEval/154,competitive,gemma-12b:scot,2,4,0,6,0.333,71.0,,1.0,5.12,62.11,3.12,0.352,,0,0,0
HumanEval/154,competitive,gemma-12b:few_shot,1,4,0,5,0.2,62.0,,1.0,8.29,56.28,3.65,0.314,,272,302,574
HumanEval/155,competitive,gemma-1b:zero_shot,0,0,0,0,0,14.0,,1.0,3.0,94.75,1.36,0.562,,136,0,136
HumanEval/155,competitive,gemma-1b:cot,0,0,0,0,0,14.0,,1.0,3.0,94.75,1.36,0.598,,272,0,272
HumanEval/155,competitive,gemma-1b:scot,0,0,0,0,0,14.0,,1.0,3.0,94.75,1.36,0.598,,0,0,0
HumanEval/155,competitive,gemma-1b:few_shot,0,0,0,0,0,14.0,,1.0,3.0,94.75,1.36,0.598,,0,0,0
HumanEval/155,competitive,gemma-4b:zero_shot,9,0,0,9,1.0,83.0,,0.0,2.1,72.2,3.09,0.314,,272,0,272
HumanEval/155,competitive,gemma-4b:cot,8,0,0,8,1.0,84.0,,0.0,2.22,70.38,3.27,0.32,,272,0,272
HumanEval/155,competitive,gemma-4b:scot,8,0,0,8,1.0,84.0,,0.0,2.22,70.38,3.27,0.32,,408,0,408
HumanEval/155,competitive,gemma-27b:zero_shot,0,0,0,0,0,22.0,,1.0,0,100.0,0.09,0.077,,0,0,0
HumanEval/155,competitive,gemma-27b:cot,0,0,0,0,0,22.0,,1.0,0,100.0,0.09,0.077,,0,0,0
HumanEval/155,competitive,gemma-4b:few_shot,8,0,0,8,1.0,84.0,,0.0,2.22,70.38,3.27,0.32,,0,0,0
HumanEval/155,competitive,gemma-12b:zero_shot,10,0,0,10,1.0,100.0,,0.4,2.0,54.32,1.91,0.07,,0,0,0
HumanEval/155,competitive,gemma-12b:cot,10,0,0,10,1.0,100.0,,0.4,2.0,54.32,1.91,0.07,,272,0,272
HumanEval/155,competitive,gemma-27b:scot,0,0,0,0,0,22.0,,1.0,0,100.0,0.09,0.077,,0,0,0
HumanEval/155,competitive,gemma-27b:few_shot,0,0,0,0,0,22.0,,1.0,0,100.0,0.09,0.077,,0,0,0
HumanEval/156,competitive,gemma-1b:zero_shot,0,0,0,0,0,11.0,,1.0,3.0,90.72,1.16,0.467,,360,614,974
HumanEval/155,competitive,gemma-12b:few_shot,10,0,0,10,1.0,100.0,,0.4,2.0,54.32,1.91,0.07,,180,307,487
HumanEval/155,competitive,gemma-12b:scot,11,1,0,12,0.917,100.0,,1.0,2.0,51.76,2.27,0.032,,180,307,487
HumanEval/156,competitive,gemma-1b:cot,0,0,0,0,0,12.0,,1.0,3.0,63.94,0.58,0.081,,0,0,0
HumanEval/156,competitive,gemma-1b:few_shot,0,0,0,0,0,11.0,,1.0,3.0,90.72,1.16,0.467,,0,0,0
HumanEval/156,competitive,gemma-1b:scot,0,0,0,0,0,11.0,,1.0,3.0,90.72,1.16,0.467,,0,0,0
HumanEval/156,competitive,gemma-27b:zero_shot,0,0,0,0,0,18.0,,1.0,0,100.0,0.05,0.058,,0,0,0
HumanEval/156,competitive,gemma-27b:cot,0,0,0,0,0,18.0,,1.0,0,100.0,0.05,0.058,,0,0,0
HumanEval/156,competitive,gemma-4b:zero_shot,26,3,0,29,0.897,90.0,,1.0,2.03,54.89,4.26,0.193,,360,0,360
HumanEval/156,competitive,gemma-4b:scot,26,3,0,29,0.897,90.0,,1.0,2.03,54.89,4.26,0.193,,360,0,360
HumanEval/156,competitive,gemma-4b:cot,26,3,0,29,0.897,90.0,,1.0,2.03,54.89,4.26,0.193,,180,0,180
HumanEval/156,competitive,gemma-4b:few_shot,26,3,0,29,0.897,90.0,,1.0,2.03,54.89,4.26,0.193,,720,0,720
HumanEval/156,competitive,gemma-27b:few_shot,0,0,0,0,0,18.0,,1.0,0,100.0,0.05,0.058,,0,0,0
HumanEval/156,competitive,gemma-27b:scot,0,0,0,0,0,18.0,,1.0,0,100.0,0.05,0.058,,0,0,0
HumanEval/156,competitive,gemma-12b:scot,1,2,0,3,0.333,70.0,,1.0,14.67,36.05,2.89,0.071,,177,155,332
HumanEval/156,competitive,gemma-12b:cot,0,4,0,4,0.0,65.0,,1.0,15.25,30.7,3.58,0.073,,177,155,332
HumanEval/156,competitive,gemma-12b:few_shot,1,2,0,3,0.333,71.0,,1.0,14.33,36.45,2.84,0.072,,177,155,332
HumanEval/156,competitive,gemma-12b:zero_shot,0,4,0,4,0.0,65.0,,1.0,15.25,30.69,3.58,0.073,,177,155,332
HumanEval/157,competitive,gemma-1b:zero_shot,0,0,0,0,0,50.0,,1.0,1.0,62.07,1.09,0.84,,177,155,332
HumanEval/157,competitive,gemma-1b:scot,0,0,0,0,0,50.0,,1.0,1.0,62.07,1.09,0.84,,0,0,0
HumanEval/157,competitive,gemma-1b:cot,0,0,0,0,0,50.0,,1.0,1.0,62.07,1.09,0.84,,0,0,0
HumanEval/157,competitive,gemma-1b:few_shot,0,0,0,0,0,50.0,,1.0,1.0,62.07,1.09,0.84,,177,0,177
HumanEval/157,competitive,gemma-4b:cot,3,2,0,5,0.6,87.0,,1.0,4.17,73.85,3.36,0.384,,531,0,531
HumanEval/157,competitive,gemma-4b:zero_shot,3,2,0,5,0.6,87.0,,1.0,4.17,73.85,3.36,0.384,,531,0,531
HumanEval/157,competitive,gemma-4b:scot,3,2,0,5,0.6,87.0,,1.0,4.17,73.85,3.36,0.384,,0,0,0
HumanEval/157,competitive,gemma-4b:few_shot,3,2,0,5,0.6,87.0,,1.0,4.17,73.85,3.36,0.384,,0,0,0
HumanEval/157,competitive,gemma-27b:zero_shot,0,0,0,0,0,67.0,,1.0,0,100.0,0.09,0.092,,0,0,0
HumanEval/157,competitive,gemma-12b:cot,3,3,0,6,0.5,87.0,,1.0,4.62,68.07,4.0,0.327,,0,0,0
HumanEval/157,competitive,gemma-27b:cot,0,0,0,0,0,67.0,,1.0,0,100.0,0.09,0.092,,0,0,0
HumanEval/157,competitive,gemma-12b:zero_shot,3,3,0,6,0.5,87.0,,1.0,4.62,68.07,4.0,0.327,,0,0,0
HumanEval/157,competitive,gemma-27b:few_shot,0,0,0,0,0,67.0,,1.0,0,100.0,0.09,0.092,,0,0,0
HumanEval/157,competitive,gemma-27b:scot,0,0,0,0,0,67.0,,1.0,0,100.0,0.09,0.092,,0,0,0
HumanEval/157,competitive,gemma-12b:scot,3,3,0,6,0.5,87.0,,1.0,4.62,68.07,4.0,0.327,,0,0,0
HumanEval/158,competitive,gemma-1b:zero_shot,0,0,0,0,0,9.0,,1.0,6.0,90.89,1.4,0.696,,186,241,427
HumanEval/158,competitive,gemma-1b:cot,0,0,0,0,0,8.0,,1.0,6.0,91.2,1.47,0.682,,186,241,427
HumanEval/157,competitive,gemma-12b:few_shot,3,3,0,6,0.5,87.0,,1.0,4.62,68.07,4.0,0.327,,0,0,0
HumanEval/158,competitive,gemma-1b:scot,0,0,0,0,0,8.0,,1.0,6.0,91.2,1.47,0.682,,186,241,427
HumanEval/158,competitive,gemma-1b:few_shot,0,0,0,0,0,8.0,,1.0,6.0,91.2,1.47,0.682,,0,0,0
HumanEval/158,competitive,gemma-4b:cot,9,1,0,10,0.9,81.0,,1.0,2.36,72.45,2.8,0.416,,0,0,0
HumanEval/158,competitive,gemma-4b:zero_shot,9,1,0,10,0.9,81.0,,1.0,2.36,72.45,2.8,0.416,,0,0,0
HumanEval/158,competitive,gemma-27b:zero_shot,0,0,0,0,0,17.0,,1.0,0,100.0,0.07,0.071,,0,0,0
HumanEval/158,competitive,gemma-27b:cot,0,0,0,0,0,17.0,,1.0,0,100.0,0.07,0.071,,0,0,0
HumanEval/158,competitive,gemma-4b:few_shot,9,1,0,10,0.9,81.0,,1.0,2.36,72.45,2.8,0.416,,186,0,186
HumanEval/158,competitive,gemma-4b:scot,9,1,0,10,0.9,81.0,,1.0,2.36,72.45,2.8,0.416,,0,0,0
HumanEval/158,competitive,gemma-12b:zero_shot,10,2,0,12,0.833,83.0,,1.0,2.36,67.55,3.13,0.359,,372,0,372
HumanEval/158,competitive,gemma-27b:scot,0,0,0,0,0,17.0,,1.0,0,100.0,0.07,0.071,,0,0,0
HumanEval/158,competitive,gemma-27b:few_shot,0,0,0,0,0,17.0,,1.0,0,100.0,0.07,0.071,,0,0,0
HumanEval/158,competitive,gemma-12b:cot,10,2,0,12,0.833,83.0,,1.0,2.36,67.55,3.13,0.359,,0,0,0
HumanEval/158,competitive,gemma-12b:few_shot,10,2,0,12,0.833,83.0,,1.0,2.36,67.55,3.13,0.359,,0,0,0
HumanEval/158,competitive,gemma-12b:scot,11,1,0,12,0.917,83.0,,1.0,2.36,67.55,3.13,0.371,,0,0,0
HumanEval/159,competitive,gemma-1b:zero_shot,0,0,0,0,0,24.0,,1.0,2.0,58.26,1.1,0.87,,371,0,371
HumanEval/159,competitive,gemma-1b:scot,0,0,0,0,0,27.0,,1.0,1.0,81.99,0.14,0.188,,371,0,371
HumanEval/159,competitive,gemma-1b:cot,0,0,0,0,0,22.0,,1.0,2.0,65.19,1.17,0.854,,742,0,742
HumanEval/159,competitive,gemma-1b:few_shot,0,0,0,0,0,22.0,,1.0,2.0,65.44,1.17,0.852,,1484,0,1484
HumanEval/159,competitive,gemma-4b:zero_shot,3,7,0,10,0.3,84.0,,1.0,1.91,78.22,1.69,0.697,,371,0,371
HumanEval/159,competitive,gemma-27b:zero_shot,0,0,0,0,0,29.0,,1.0,0,100.0,0.03,0.059,,0,0,0
HumanEval/159,competitive,gemma-4b:cot,2,7,0,9,0.222,84.0,,1.0,2.0,78.03,1.66,0.708,,0,0,0
HumanEval/159,competitive,gemma-4b:few_shot,2,7,0,9,0.222,84.0,,1.0,2.0,78.03,1.66,0.708,,0,0,0
HumanEval/159,competitive,gemma-4b:scot,4,6,0,10,0.4,84.0,,1.0,1.91,78.22,1.69,0.697,,0,0,0
HumanEval/159,competitive,gemma-27b:cot,0,0,0,0,0,29.0,,1.0,0,100.0,0.03,0.059,,0,0,0
HumanEval/159,competitive,gemma-12b:zero_shot,12,1,0,13,0.923,100.0,,1.0,2.0,51.01,0.93,0.027,,0,0,0
HumanEval/159,competitive,gemma-12b:cot,11,0,0,11,1.0,86.0,,0.0,2.08,75.98,1.83,0.69,,371,0,371
HumanEval/159,competitive,gemma-27b:scot,0,0,0,0,0,29.0,,1.0,0,100.0,0.03,0.059,,0,0,0
HumanEval/159,competitive,gemma-27b:few_shot,0,0,0,0,0,29.0,,1.0,0,100.0,0.03,0.059,,0,0,0
HumanEval/159,competitive,gemma-12b:scot,12,1,0,13,0.923,88.0,,1.0,2.07,74.63,1.97,0.657,,281,181,462
HumanEval/159,competitive,gemma-12b:few_shot,11,0,0,11,1.0,86.0,,0.0,2.08,75.98,1.83,0.69,,1124,724,1848
HumanEval/160,competitive,gemma-1b:scot,0,0,0,0,0,7.0,,1.0,9.0,54.84,0.77,0.081,,281,0,281
HumanEval/160,competitive,gemma-1b:cot,0,0,0,0,0,7.0,,1.0,9.0,54.84,0.77,0.081,,281,0,281
HumanEval/160,competitive,gemma-1b:zero_shot,0,0,0,0,0,7.0,,1.0,9.0,54.84,0.77,0.081,,0,0,0
HumanEval/160,competitive,gemma-1b:few_shot,0,0,0,0,0,7.0,,1.0,9.0,54.84,0.77,0.081,,0,0,0
HumanEval/160,competitive,gemma-4b:zero_shot,5,6,0,11,0.455,90.0,,1.0,2.42,67.66,3.04,0.464,,281,0,281
HumanEval/160,competitive,gemma-4b:cot,3,8,0,11,0.273,90.0,,1.0,2.42,67.66,3.04,0.462,,281,0,281
HumanEval/160,competitive,gemma-27b:zero_shot,0,0,0,0,0,22.0,,1.0,0,100.0,0.04,0.042,,0,0,0
HumanEval/160,competitive,gemma-27b:cot,0,0,0,0,0,22.0,,1.0,0,100.0,0.04,0.042,,0,0,0
HumanEval/160,competitive,gemma-4b:scot,3,8,0,11,0.273,90.0,,1.0,2.42,67.66,3.04,0.463,,281,0,281
HumanEval/160,competitive,gemma-4b:few_shot,4,7,0,11,0.364,90.0,,1.0,2.42,67.66,3.04,0.464,,281,0,281
HumanEval/160,competitive,gemma-27b:scot,0,0,0,0,0,22.0,,1.0,0,100.0,0.04,0.042,,0,0,0
HumanEval/160,competitive,gemma-27b:few_shot,0,0,0,0,0,22.0,,1.0,0,100.0,0.04,0.042,,0,0,0
HumanEval/160,competitive,gemma-12b:zero_shot,10,3,0,13,0.769,90.0,,1.0,2.07,67.46,3.04,0.465,,0,0,0
HumanEval/161,competitive,gemma-1b:zero_shot,0,0,0,0,0,14.0,,1.0,4.0,90.19,1.11,0.76,,178,189,367
HumanEval/160,competitive,gemma-12b:cot,10,3,0,13,0.769,90.0,,1.0,2.07,67.87,3.04,0.461,,356,378,734
HumanEval/161,competitive,gemma-1b:cot,0,0,0,0,0,14.0,,1.0,4.0,90.19,1.11,0.76,,178,189,367
HumanEval/161,competitive,gemma-1b:scot,0,0,0,0,0,14.0,,1.0,4.0,90.19,1.11,0.76,,178,189,367
HumanEval/160,competitive,gemma-12b:scot,12,2,0,14,0.857,91.0,,1.0,2.06,66.51,3.19,0.443,,178,189,367
HumanEval/160,competitive,gemma-12b:few_shot,12,2,0,14,0.857,91.0,,1.0,2.06,66.51,3.19,0.445,,0,0,0
HumanEval/161,competitive,gemma-1b:few_shot,0,0,0,0,0,14.0,,1.0,4.0,90.19,1.11,0.76,,178,0,178
HumanEval/161,competitive,gemma-4b:zero_shot,8,2,0,10,0.8,79.0,,1.0,2.36,73.42,2.26,0.372,,178,0,178
HumanEval/161,competitive,gemma-4b:cot,9,1,0,10,0.9,79.0,,1.0,2.36,73.42,2.26,0.372,,178,0,178
HumanEval/161,competitive,gemma-27b:zero_shot,0,0,0,0,0,15.0,,1.0,0,100.0,0.05,0.072,,0,0,0
HumanEval/161,competitive,gemma-27b:cot,0,0,0,0,0,15.0,,1.0,0,100.0,0.05,0.072,,0,0,0
HumanEval/161,competitive,gemma-4b:scot,8,2,0,10,0.8,79.0,,1.0,2.36,73.42,2.26,0.372,,178,0,178
HumanEval/161,competitive,gemma-4b:few_shot,8,2,0,10,0.8,79.0,,1.0,2.36,73.42,2.26,0.372,,178,0,178
HumanEval/161,competitive,gemma-27b:scot,0,0,0,0,0,15.0,,1.0,0,100.0,0.05,0.072,,0,0,0
HumanEval/161,competitive,gemma-12b:zero_shot,8,2,0,10,0.8,98.0,,1.0,3.0,47.09,1.63,0.105,,534,0,534
HumanEval/161,competitive,gemma-12b:cot,8,0,0,8,1.0,100.0,,0.667,3.25,48.39,1.53,0.092,,0,0,0
HumanEval/161,competitive,gemma-27b:few_shot,0,0,0,0,0,15.0,,1.0,0,100.0,0.05,0.072,,0,0,0
HumanEval/161,competitive,gemma-12b:scot,8,2,0,10,0.8,98.0,,1.0,3.0,47.09,1.63,0.105,,0,0,0
HumanEval/161,competitive,gemma-12b:few_shot,8,1,0,9,0.889,100.0,,1.0,3.22,46.79,1.68,0.079,,0,0,0
HumanEval/162,competitive,gemma-1b:zero_shot,0,0,0,0,0,24.0,,1.0,2.0,100.0,1.0,0.695,,0,0,0
HumanEval/162,competitive,gemma-1b:scot,0,0,0,0,0,24.0,,1.0,2.0,100.0,1.0,0.695,,0,0,0
HumanEval/162,competitive,gemma-1b:cot,0,0,0,0,0,24.0,,1.0,2.0,100.0,1.0,0.695,,0,0,0
HumanEval/162,competitive,gemma-1b:few_shot,0,0,0,0,0,24.0,,1.0,2.0,100.0,1.0,0.695,,0,0,0
HumanEval/162,competitive,gemma-27b:zero_shot,0,0,0,0,0,22.0,,1.0,0,100.0,0.09,0.081,,0,0,0
HumanEval/162,competitive,gemma-27b:cot,0,0,0,0,0,22.0,,1.0,0,100.0,0.09,0.081,,0,0,0
HumanEval/162,competitive,gemma-4b:zero_shot,2,7,0,9,0.222,81.0,,1.0,2.0,75.57,2.82,0.296,,0,0,0
HumanEval/162,competitive,gemma-4b:cot,2,7,0,9,0.222,81.0,,1.0,2.0,75.57,2.82,0.322,,0,0,0
HumanEval/162,competitive,gemma-4b:scot,2,7,0,9,0.222,81.0,,1.0,2.0,75.57,2.82,0.324,,0,0,0
HumanEval/162,competitive,gemma-4b:few_shot,2,7,0,9,0.222,81.0,,1.0,2.0,75.57,2.82,0.316,,152,0,152
HumanEval/162,competitive,gemma-12b:zero_shot,2,7,0,9,0.222,82.0,,1.0,2.09,73.08,3.0,0.315,,0,0,0
HumanEval/162,competitive,gemma-12b:cot,2,7,0,9,0.222,82.0,,1.0,2.09,73.08,3.0,0.313,,152,0,152
HumanEval/162,competitive,gemma-27b:scot,0,0,0,0,0,22.0,,1.0,0,100.0,0.09,0.081,,0,0,0
HumanEval/162,competitive,gemma-27b:few_shot,0,0,0,0,0,22.0,,1.0,0,100.0,0.09,0.081,,0,0,0
HumanEval/162,competitive,gemma-12b:scot,2,7,0,9,0.222,82.0,,1.0,2.09,73.08,3.0,0.315,,304,0,304
HumanEval/162,competitive,gemma-12b:few_shot,2,7,0,9,0.222,82.0,,1.0,2.09,73.08,3.0,0.315,,0,0,0
HumanEval/163,competitive,gemma-1b:scot,0,0,0,0,0,14.0,,1.0,4.0,94.0,1.82,0.614,,170,206,376
HumanEval/163,competitive,gemma-1b:zero_shot,0,0,0,0,0,12.0,,1.0,5.0,92.72,1.82,0.614,,170,206,376
HumanEval/163,competitive,gemma-1b:cot,0,0,0,0,0,12.0,,1.0,5.0,92.72,1.82,0.614,,170,206,376
HumanEval/163,competitive,gemma-1b:few_shot,0,0,0,0,0,14.0,,1.0,4.0,94.0,1.82,0.614,,0,0,0
HumanEval/163,competitive,gemma-4b:cot,3,7,0,10,0.3,95.0,,1.0,2.27,74.29,3.55,0.366,,0,0,0
HumanEval/163,competitive,gemma-4b:zero_shot,7,4,0,11,0.636,95.0,,1.0,2.67,66.52,4.64,0.285,,0,0,0
HumanEval/163,competitive,gemma-27b:zero_shot,0,0,0,0,0,50.0,,1.0,0,100.0,0.09,0.107,,0,0,0
HumanEval/163,competitive,gemma-4b:scot,7,4,0,11,0.636,95.0,,1.0,2.67,66.52,4.64,0.285,,170,0,170
HumanEval/163,competitive,gemma-27b:cot,0,0,0,0,0,50.0,,1.0,0,100.0,0.09,0.107,,0,0,0
HumanEval/163,competitive,gemma-4b:few_shot,8,4,0,12,0.667,95.0,,1.0,2.62,65.41,4.82,0.277,,0,0,0
HumanEval/163,competitive,gemma-12b:zero_shot,9,2,0,11,0.818,100.0,,1.0,1.73,53.62,2.36,0.188,,0,0,0
HumanEval/163,competitive,gemma-27b:scot,0,0,0,0,0,50.0,,1.0,0,100.0,0.09,0.107,,0,0,0
HumanEval/163,competitive,gemma-12b:cot,9,2,0,11,0.818,100.0,,1.0,1.73,53.62,2.36,0.188,,340,0,340
HumanEval/163,competitive,gemma-27b:few_shot,0,0,0,0,0,50.0,,1.0,0,100.0,0.09,0.107,,0,0,0
HumanEval/163,competitive,gemma-12b:scot,9,2,0,11,0.818,100.0,,1.0,1.73,53.62,2.36,0.188,,0,0,0
HumanEval/163,competitive,gemma-12b:few_shot,9,2,0,11,0.818,100.0,,1.0,1.73,53.62,2.36,0.188,,0,0,0
HumanEval/139,actor_critic,gemma-27b:zero_shot,0,0,0,0,0,22.0,,1.0,0,100.0,0.07,0.114,,0,0,0
HumanEval/139,actor_critic,gemma-27b:scot,0,0,0,0,0,22.0,,1.0,0,100.0,0.07,0.114,,0,0,0
HumanEval/139,actor_critic,gemma-27b:few_shot,0,0,0,0,0,22.0,,1.0,0,100.0,0.07,0.114,,0,0,0
HumanEval/140,actor_critic,gemma-27b:zero_shot,0,0,0,0,0,25.0,,1.0,0,100.0,0.07,0.04,,0,0,0
HumanEval/140,actor_critic,gemma-27b:few_shot,0,0,0,0,0,25.0,,1.0,0,100.0,0.07,0.04,,0,0,0
HumanEval/140,actor_critic,gemma-27b:scot,0,0,0,0,0,25.0,,1.0,0,100.0,0.07,0.04,,0,0,0
HumanEval/141,actor_critic,gemma-27b:zero_shot,0,0,0,0,0,10.0,,1.0,0,100.0,0.05,0.065,,0,0,0
HumanEval/141,actor_critic,gemma-27b:few_shot,0,0,0,0,0,10.0,,1.0,0,100.0,0.05,0.065,,0,0,0
HumanEval/141,actor_critic,gemma-27b:scot,0,0,0,0,0,10.0,,1.0,0,100.0,0.05,0.065,,0,0,0
HumanEval/143,actor_critic,gemma-27b:zero_shot,0,0,0,0,0,40.0,,1.0,0,100.0,0.05,0.059,,0,0,0
HumanEval/143,actor_critic,gemma-27b:few_shot,0,0,0,0,0,40.0,,1.0,0,100.0,0.05,0.059,,0,0,0
HumanEval/143,actor_critic,gemma-27b:scot,0,0,0,0,0,40.0,,1.0,0,100.0,0.05,0.059,,0,0,0
HumanEval/142,actor_critic,gemma-27b:few_shot,0,0,0,0,0,12.0,,1.0,0,100.0,0.05,0.076,,0,0,0
HumanEval/142,actor_critic,gemma-27b:zero_shot,0,0,0,0,0,12.0,,1.0,0,100.0,0.05,0.076,,0,0,0
HumanEval/142,actor_critic,gemma-27b:scot,0,0,0,0,0,12.0,,1.0,0,100.0,0.05,0.076,,0,0,0
HumanEval/144,actor_critic,gemma-27b:few_shot,0,0,0,0,0,40.0,,1.0,0,100.0,0.08,0.056,,0,0,0
HumanEval/144,actor_critic,gemma-27b:zero_shot,0,0,0,0,0,40.0,,1.0,0,100.0,0.08,0.056,,0,0,0
HumanEval/144,actor_critic,gemma-27b:scot,0,0,0,0,0,40.0,,1.0,0,100.0,0.08,0.056,,0,0,0
HumanEval/145,actor_critic,gemma-27b:few_shot,0,0,0,0,0,15.0,,1.0,0,100.0,0.05,0.055,,0,0,0
HumanEval/145,actor_critic,gemma-27b:zero_shot,0,0,0,0,0,15.0,,1.0,0,100.0,0.05,0.055,,0,0,0
HumanEval/145,actor_critic,gemma-27b:scot,0,0,0,0,0,15.0,,1.0,0,100.0,0.05,0.055,,0,0,0
HumanEval/146,actor_critic,gemma-27b:zero_shot,0,0,0,0,0,18.0,,1.0,0,100.0,0.08,0.088,,0,0,0
HumanEval/146,actor_critic,gemma-27b:few_shot,0,0,0,0,0,18.0,,1.0,0,100.0,0.08,0.088,,0,0,0
HumanEval/146,actor_critic,gemma-27b:scot,0,0,0,0,0,18.0,,1.0,0,100.0,0.08,0.088,,0,0,0
HumanEval/147,actor_critic,gemma-27b:zero_shot,0,0,0,0,0,25.0,,1.0,0,100.0,0.06,0.055,,0,0,0
HumanEval/147,actor_critic,gemma-27b:few_shot,0,0,0,0,0,25.0,,1.0,0,100.0,0.06,0.055,,0,0,0
HumanEval/147,actor_critic,gemma-27b:scot,0,0,0,0,0,25.0,,1.0,0,100.0,0.06,0.055,,0,0,0
HumanEval/148,actor_critic,gemma-27b:zero_shot,0,0,0,0,0,22.0,,1.0,0,100.0,0.05,0.04,,0,0,0
HumanEval/148,actor_critic,gemma-27b:few_shot,0,0,0,0,0,22.0,,1.0,0,100.0,0.05,0.04,,0,0,0
HumanEval/148,actor_critic,gemma-27b:scot,0,0,0,0,0,22.0,,1.0,0,100.0,0.05,0.04,,0,0,0
HumanEval/149,actor_critic,gemma-27b:zero_shot,0,0,0,0,0,20.0,,1.0,0,100.0,0.05,0.052,,0,0,0
HumanEval/149,actor_critic,gemma-27b:few_shot,0,0,0,0,0,20.0,,1.0,0,100.0,0.05,0.052,,0,0,0
HumanEval/149,actor_critic,gemma-27b:scot,0,0,0,0,0,20.0,,1.0,0,100.0,0.05,0.052,,0,0,0
HumanEval/150,actor_critic,gemma-27b:zero_shot,0,0,0,0,0,40.0,,1.0,0,100.0,0.1,0.125,,0,0,0
HumanEval/150,actor_critic,gemma-27b:few_shot,0,0,0,0,0,40.0,,1.0,0,100.0,0.1,0.125,,0,0,0
HumanEval/150,actor_critic,gemma-27b:scot,0,0,0,0,0,40.0,,1.0,0,100.0,0.1,0.125,,0,0,0
HumanEval/152,actor_critic,gemma-27b:zero_shot,0,0,0,0,0,67.0,,1.0,0,100.0,0.08,0.043,,0,0,0
HumanEval/152,actor_critic,gemma-27b:few_shot,0,0,0,0,0,67.0,,1.0,0,100.0,0.08,0.043,,0,0,0
HumanEval/152,actor_critic,gemma-27b:scot,0,0,0,0,0,67.0,,1.0,0,100.0,0.08,0.043,,0,0,0
HumanEval/151,actor_critic,gemma-27b:zero_shot,0,0,0,0,0,18.0,,1.0,0,100.0,0.07,0.076,,0,0,0
HumanEval/151,actor_critic,gemma-27b:few_shot,0,0,0,0,0,18.0,,1.0,0,100.0,0.07,0.076,,0,0,0
HumanEval/151,actor_critic,gemma-27b:scot,0,0,0,0,0,18.0,,1.0,0,100.0,0.07,0.076,,0,0,0
HumanEval/153,actor_critic,gemma-27b:zero_shot,0,0,0,0,0,11.0,,1.0,0,100.0,0.04,0.041,,0,0,0
HumanEval/153,actor_critic,gemma-27b:few_shot,0,0,0,0,0,11.0,,1.0,0,100.0,0.04,0.041,,0,0,0
HumanEval/154,actor_critic,gemma-27b:zero_shot,0,0,0,0,0,11.0,,1.0,0,100.0,0.06,0.074,,0,0,0
HumanEval/153,actor_critic,gemma-27b:scot,0,0,0,0,0,11.0,,1.0,0,100.0,0.04,0.041,,0,0,0
HumanEval/154,actor_critic,gemma-27b:few_shot,0,0,0,0,0,11.0,,1.0,0,100.0,0.06,0.074,,0,0,0
HumanEval/154,actor_critic,gemma-27b:scot,0,0,0,0,0,11.0,,1.0,0,100.0,0.06,0.074,,0,0,0
HumanEval/155,actor_critic,gemma-27b:zero_shot,0,0,0,0,0,22.0,,1.0,0,100.0,0.09,0.077,,0,0,0
HumanEval/156,actor_critic,gemma-27b:few_shot,0,0,0,0,0,18.0,,1.0,0,100.0,0.05,0.058,,0,0,0
HumanEval/156,actor_critic,gemma-27b:zero_shot,0,0,0,0,0,18.0,,1.0,0,100.0,0.05,0.058,,0,0,0
HumanEval/155,actor_critic,gemma-27b:few_shot,0,0,0,0,0,22.0,,1.0,0,100.0,0.09,0.077,,0,0,0
HumanEval/155,actor_critic,gemma-27b:scot,0,0,0,0,0,22.0,,1.0,0,100.0,0.09,0.077,,0,0,0
HumanEval/156,actor_critic,gemma-27b:scot,0,0,0,0,0,18.0,,1.0,0,100.0,0.05,0.058,,0,0,0
HumanEval/158,actor_critic,gemma-27b:zero_shot,0,0,0,0,0,17.0,,1.0,0,100.0,0.07,0.071,,0,0,0
HumanEval/157,actor_critic,gemma-27b:zero_shot,0,0,0,0,0,67.0,,1.0,0,100.0,0.09,0.092,,0,0,0
HumanEval/157,actor_critic,gemma-27b:few_shot,0,0,0,0,0,67.0,,1.0,0,100.0,0.09,0.092,,0,0,0
HumanEval/158,actor_critic,gemma-27b:few_shot,0,0,0,0,0,17.0,,1.0,0,100.0,0.07,0.071,,0,0,0
HumanEval/157,actor_critic,gemma-27b:scot,0,0,0,0,0,67.0,,1.0,0,100.0,0.09,0.092,,0,0,0
HumanEval/158,actor_critic,gemma-27b:scot,0,0,0,0,0,17.0,,1.0,0,100.0,0.07,0.071,,0,0,0
HumanEval/160,actor_critic,gemma-27b:zero_shot,0,0,0,0,0,22.0,,1.0,0,100.0,0.04,0.042,,0,0,0
HumanEval/159,actor_critic,gemma-27b:zero_shot,0,0,0,0,0,29.0,,1.0,0,100.0,0.03,0.059,,0,0,0
HumanEval/159,actor_critic,gemma-27b:few_shot,0,0,0,0,0,29.0,,1.0,0,100.0,0.03,0.059,,0,0,0
HumanEval/159,actor_critic,gemma-27b:scot,0,0,0,0,0,29.0,,1.0,0,100.0,0.03,0.059,,0,0,0
HumanEval/160,actor_critic,gemma-27b:few_shot,0,0,0,0,0,22.0,,1.0,0,100.0,0.04,0.042,,0,0,0
HumanEval/161,actor_critic,gemma-27b:zero_shot,0,0,0,0,0,15.0,,1.0,0,100.0,0.05,0.072,,0,0,0
HumanEval/161,actor_critic,gemma-27b:few_shot,0,0,0,0,0,15.0,,1.0,0,100.0,0.05,0.072,,0,0,0
HumanEval/161,actor_critic,gemma-27b:scot,0,0,0,0,0,15.0,,1.0,0,100.0,0.05,0.072,,0,0,0
HumanEval/160,actor_critic,gemma-27b:scot,0,0,0,0,0,22.0,,1.0,0,100.0,0.04,0.042,,0,0,0
HumanEval/162,actor_critic,gemma-27b:zero_shot,0,0,0,0,0,22.0,,1.0,0,100.0,0.09,0.081,,0,0,0
HumanEval/162,actor_critic,gemma-27b:few_shot,0,0,0,0,0,22.0,,1.0,0,100.0,0.09,0.081,,0,0,0
HumanEval/162,actor_critic,gemma-27b:scot,0,0,0,0,0,22.0,,1.0,0,100.0,0.09,0.081,,0,0,0
HumanEval/163,actor_critic,gemma-27b:few_shot,0,0,0,0,0,50.0,,1.0,0,100.0,0.09,0.107,,0,0,0
HumanEval/163,actor_critic,gemma-27b:zero_shot,0,0,0,0,0,50.0,,1.0,0,100.0,0.09,0.107,,0,0,0
HumanEval/163,actor_critic,gemma-27b:scot,0,0,0,0,0,50.0,,1.0,0,100.0,0.09,0.107,,0,0,0
