task_id,agent,config_label,passed,failed,errors,total,functional_correctness,line_coverage,branch_coverage,mutation_score,complexity_cc,maintainability_mi,bloat_ratio,similarity_score,unique_inputs_count,edge_case_count,test_type_count,duplication_ratio,diversity_score,prompt_tokens,completion_tokens,total_tokens,execution_time,generation_status,generation_error_type,generation_error_message,generation_attempts
HumanEval/152,baseline,gemma-4-26b:zero_shot,13,0,0,13,1.0,100.0,100.0,0.0,2.5,66.82,3.08,0.033,16,2,4,0.0,0.783,291,789,5866,151.82,ok,,,1
HumanEval/162,adversarial,gemma-4-26b:scot,9,5,0,14,0.643,100.0,100.0,0.0,1.86,52.11,4.0,0.114,7,1,5,0.0,0.717,211,1034,2460,363.23,ok,,,1
HumanEval/145,baseline,gemma-4-26b:zero_shot,15,3,0,18,0.833,100.0,100.0,0.0,2.5,96.3,2.5,0.066,4,0,4,0.0,0.55,639,3367,20851,367.28,ok,,,1
HumanEval/142,baseline,gemma-4-26b:zero_shot,18,0,0,18,1.0,100.0,100.0,0.4,2.12,81.82,3.21,0.034,9,2,4,0.0,0.758,226,1445,5546,438.63,ok,,,1
HumanEval/157,consensus,gemma-4-26b:zero_shot,33,6,0,39,0.846,100.0,100.0,0.0,2.0,100.0,4.91,0.028,1,0,4,0.0,0.475,4428,6663,43834,1335.68,ok,,,1
HumanEval/158,hybrid,gemma-4-26b:scot,0,0,1,1,0.0,,,0.0,4.8,74.83,4.53,0.05,21,2,5,0.0,0.833,7348,6071,57816,1424.54,ok,,,1
HumanEval/147,consensus,gemma-4-26b:few_shot,14,0,0,14,1.0,100.0,100.0,0.25,2.5,77.27,2.76,0.048,6,0,4,0.0,0.6,6831,6811,46346,2171.49,ok,,,1
HumanEval/155,adversarial,gemma-4-26b:few_shot,15,2,0,17,0.882,84.0,100.0,0.0,2.0,90.2,4.36,0.026,5,1,5,0.0,0.667,292,1017,2178,1897.68,ok,,,1
HumanEval/155,hybrid,gemma-4-26b:scot,17,1,0,18,0.944,93.55,100.0,0.0,2.0,84.26,4.45,0.026,8,0,5,0.0,0.7,1895,2564,6526,2126.18,ok,,,1
HumanEval/152,actor_critic,gemma-4-26b:few_shot,14,2,0,16,0.875,93.94,94.0,0.0,2.17,79.06,5.69,0.028,17,2,6,0.0,0.833,1151,357,5016,1794.77,ok,,,1
HumanEval/160,consensus,gemma-4-26b:zero_shot,0,0,0,0,0,22.22,0.0,0.0,0,100.0,0.0,0.0,0,0,0,1.0,0.0,3638,0,36403,2879.26,ok,,,1
HumanEval/154,actor_critic,gemma-4-26b:zero_shot,0,0,0,0,0,11.11,0.0,0.0,0,100.0,0.0,0.0,0,0,0,1.0,0.0,223,24,33552,2779.59,ok,,,1
HumanEval/150,consensus,gemma-4-26b:few_shot,24,0,0,24,1.0,100.0,100.0,0.25,4.67,77.21,5.2,0.041,19,2,4,0.0,0.783,2699,3230,12845,3012.76,ok,,,1
HumanEval/162,actor_critic,gemma-4-26b:few_shot,0,18,0,18,0.0,57.14,0.0,0.0,2.0,85.9,4.18,0.06,8,2,4,0.0,0.733,3717,7411,35381,3455.57,ok,,,1
HumanEval/150,baseline,gemma-4-26b:few_shot,8,0,0,8,1.0,100.0,100.0,0.5,4.6,76.48,4.6,0.051,38,3,4,0.0,0.825,326,770,3153,373.32,ok,,,1
HumanEval/150,hybrid,gemma-4-26b:scot,26,0,0,26,1.0,100.0,100.0,0.5,2.83,79.17,5.6,0.038,16,1,4,0.0,0.742,1913,2784,7668,2163.56,ok,,,1
HumanEval/148,adversarial,gemma-4-26b:few_shot,29,0,0,29,1.0,100.0,100.0,0.25,2.33,94.5,2.62,0.024,8,0,4,0.0,0.65,698,2154,8101,1293.15,ok,,,1
HumanEval/158,actor_critic,gemma-4-26b:few_shot,7,1,0,8,0.875,100.0,100.0,0.0,2.88,77.78,3.07,0.027,15,2,3,0.0,0.733,2200,869,16298,833.74,ok,,,1
HumanEval/139,consensus,gemma-4-26b:zero_shot,9,1,0,10,0.9,87.1,100.0,0.0,1.75,69.05,2.33,0.053,9,2,5,0.0,0.808,1735,3516,7343,3757.49,ok,,,1
HumanEval/140,hybrid,gemma-4-26b:scot,0,30,0,30,0.0,40.0,0.0,0.0,2.0,82.04,3.71,0.04,77,1,5,0.0,0.792,2287,4157,19141,2010.02,ok,,,1
HumanEval/149,hybrid,gemma-4-26b:zero_shot,16,2,0,18,0.889,63.64,0.0,0.0,2.33,89.67,2.19,0.054,2,0,4,0.0,0.5,1888,777,6342,1980.89,ok,,,1
HumanEval/141,consensus,gemma-4-26b:zero_shot,0,0,0,0,0,10.0,0.0,0.0,0,100.0,0.0,0.0,0,0,0,1.0,0.0,4512,2943,71699,3630.8,ok,,,1
HumanEval/147,actor_critic,gemma-4-26b:zero_shot,0,12,0,12,0.0,70.83,0.0,0.0,2.0,81.23,3.06,0.039,2,0,4,0.0,0.5,1214,388,7564,4402.07,ok,,,1
HumanEval/145,hybrid,gemma-4-26b:scot,0,0,1,1,0,,,0,0,0,0,0,0,0,0,1.0,0,596,1385,3136,1416.69,error,unknown_error,[Errno -2] Name or service not known,1
HumanEval/141,baseline,gemma-4-26b:scot,0,0,0,0,0,10.0,0.0,0.0,0,100.0,0.0,0.0,0,0,0,1.0,0.0,364,0,33129,1606.02,ok,,,1
HumanEval/143,adversarial,gemma-4-26b:scot,12,1,0,13,0.923,100.0,100.0,0.0,2.38,79.11,2.55,0.026,8,0,4,0.0,0.65,509,1528,7437,1509.38,ok,,,1
HumanEval/151,hybrid,gemma-4-26b:scot,17,0,0,17,1.0,100.0,100.0,0.0,2.5,80.99,4.0,0.082,6,0,4,0.0,0.6,2589,32955,40146,2776.18,ok,,,1
HumanEval/161,hybrid,gemma-4-26b:few_shot,32,0,0,32,1.0,100.0,100.0,0.667,2.0,98.36,3.05,0.068,3,0,4,0.0,0.525,2464,2743,16282,2385.82,ok,,,1
HumanEval/145,baseline,gemma-4-26b:few_shot,5,3,0,8,0.625,100.0,100.0,0.0,2.12,67.22,2.55,0.079,9,2,3,0.0,0.708,645,1697,11036,1010.61,ok,,,1
HumanEval/156,hybrid,gemma-4-26b:scot,38,1,0,39,0.974,100.0,100.0,0.0,2.0,73.12,3.68,0.041,8,0,4,0.0,0.65,64215,3847,79673,2943.77,ok,,,1
HumanEval/151,adversarial,gemma-4-26b:scot,0,17,0,17,0.0,47.06,33.33,0.0,2.5,78.71,4.67,0.044,4,0,4,0.0,0.55,272,1603,4424,2626.37,ok,,,1
HumanEval/143,adversarial,gemma-4-26b:zero_shot,27,3,0,30,0.9,100.0,100.0,0.0,2.33,82.05,4.3,0.036,5,0,4,0.0,0.575,430,1389,8643,1678.73,ok,,,1
HumanEval/160,consensus,gemma-4-26b:scot,0,0,0,0,0,22.22,0.0,0.0,0,100.0,0.0,0.0,0,0,0,1.0,0.0,3368,0,36133,4624.7,ok,,,1
HumanEval/150,actor_critic,gemma-4-26b:scot,28,2,0,30,0.933,100.0,100.0,0.0,1.8,82.97,5.8,0.056,10,0,5,0.0,0.75,2743,2439,16264,2046.65,ok,,,1
HumanEval/143,adversarial,gemma-4-26b:few_shot,17,0,0,17,1.0,100.0,100.0,0.667,2.12,78.06,3.3,0.028,4,1,4,0.0,0.592,1330,2090,41458,1705.82,ok,,,1
HumanEval/159,baseline,gemma-4-26b:scot,21,0,0,21,1.0,100.0,100.0,0.0,2.0,55.8,1.79,0.023,7,0,4,0.0,0.625,2927,4438,51271,1139.66,ok,,,1
HumanEval/151,adversarial,gemma-4-26b:few_shot,0,18,0,18,0.0,46.43,0.0,0.0,2.0,86.09,3.2,0.085,3,0,4,0.0,0.525,1069,3030,12959,1193.15,ok,,,1
HumanEval/145,baseline,gemma-4-26b:scot,12,3,0,15,0.8,100.0,100.0,0.0,2.0,82.94,3.6,0.037,2,1,4,0.0,0.542,1790,2112,44452,857.39,ok,,,1
HumanEval/158,hybrid,gemma-4-26b:few_shot,15,1,0,16,0.938,91.18,100.0,0.0,4.0,78.46,4.27,0.042,16,1,4,0.0,0.742,2991,4104,14824,2469.74,ok,,,1
HumanEval/154,consensus,gemma-4-26b:few_shot,0,0,0,0,0,11.11,0.0,0.0,0,100.0,0.0,0.0,0,0,0,1.0,0.0,3585,1094,78182,5632.56,ok,,,1
HumanEval/163,actor_critic,gemma-4-26b:scot,20,0,0,20,1.0,100.0,100.0,0.5,2.0,91.23,3.55,0.046,6,1,4,0.0,0.642,948,1473,7467,2971.47,ok,,,1
HumanEval/154,actor_critic,gemma-4-26b:few_shot,7,0,0,7,1.0,100.0,100.0,0.75,4.14,66.87,2.41,0.107,27,1,3,0.0,0.692,1491,2943,16573,5486.16,ok,,,1
HumanEval/160,hybrid,gemma-4-26b:zero_shot,33,1,0,34,0.971,74.07,50.0,0.0,2.2,86.16,2.58,0.075,10,1,4,0.0,0.742,3392,3628,14249,1795.95,ok,,,1
HumanEval/146,actor_critic,gemma-4-26b:few_shot,11,0,0,11,1.0,100.0,100.0,0.5,2.12,80.01,3.69,0.103,10,1,4,0.0,0.742,843,2,8321,3631.51,ok,,,1
HumanEval/141,adversarial,gemma-4-26b:zero_shot,32,0,0,32,1.0,100.0,100.0,0.25,1.5,98.82,2.55,0.074,4,2,5,0.0,0.683,274,808,2464,1540.91,ok,,,1
HumanEval/148,actor_critic,gemma-4-26b:few_shot,9,0,0,9,1.0,100.0,100.0,0.0,4.14,67.91,2.29,0.009,20,1,4,0.0,0.742,706,198,4439,3290.85,ok,,,1
HumanEval/149,baseline,gemma-4-26b:zero_shot,11,1,0,12,0.917,100.0,100.0,0.0,2.33,90.72,2.24,0.012,2,0,4,0.0,0.5,4910,4873,59559,746.27,ok,,,1
HumanEval/157,adversarial,gemma-4-26b:few_shot,20,3,0,23,0.87,100.0,100.0,0.0,2.29,79.02,6.82,0.035,13,1,5,0.0,0.792,1612,1837,8982,758.4,ok,,,1
HumanEval/150,consensus,gemma-4-26b:zero_shot,0,0,0,0,0,40.0,40.0,0.0,0,100.0,0.0,0.0,0,0,0,1.0,0.0,5275,3392,52777,5305.2,ok,,,1
HumanEval/159,actor_critic,gemma-4-26b:zero_shot,20,0,0,20,1.0,79.17,50.0,0.0,2.33,85.79,2.62,0.507,4,0,5,0.0,0.6,1356,1026,9841,1513.4,ok,,,1
HumanEval/141,actor_critic,gemma-4-26b:zero_shot,33,0,0,33,1.0,60.87,44.44,0.0,4.5,85.17,3.27,0.321,2,1,4,0.0,0.542,1072,194,6735,4493.32,ok,,,1
HumanEval/152,baseline,gemma-4-26b:few_shot,10,0,0,10,1.0,100.0,100.0,0.0,2.57,68.78,2.69,0.033,14,2,4,0.0,0.783,2538,2832,16360,614.64,ok,,,1
HumanEval/154,adversarial,gemma-4-26b:zero_shot,34,0,0,34,1.0,100.0,100.0,0.25,1.67,87.87,4.35,0.034,5,2,5,0.0,0.708,7382,6131,74690,1512.92,ok,,,1
HumanEval/151,actor_critic,gemma-4-26b:scot,19,3,0,22,0.864,100.0,100.0,0.0,2.43,78.07,4.27,0.108,13,1,5,0.0,0.792,1467,1336,10874,3754.52,ok,,,1
HumanEval/159,actor_critic,gemma-4-26b:scot,13,11,0,24,0.542,100.0,100.0,0.0,1.5,86.55,1.83,0.046,6,0,5,0.0,0.65,1524,1069,18187,2977.97,ok,,,1
HumanEval/154,baseline,gemma-4-26b:zero_shot,30,3,0,33,0.909,100.0,100.0,0.0,2.0,100.0,3.0,0.054,2,0,4,0.0,0.5,190,598,4377,1468.11,ok,,,1
HumanEval/141,consensus,gemma-4-26b:few_shot,0,0,0,0,0,10.0,0.0,0.0,0,100.0,0.0,0.0,0,0,0,1.0,0.0,1994,445,35204,7152.03,ok,,,1
HumanEval/156,baseline,gemma-4-26b:zero_shot,25,0,0,25,1.0,100.0,100.0,0.333,2.5,53.28,3.05,0.049,9,0,4,0.0,0.675,172,638,2998,799.1,ok,,,1
HumanEval/151,consensus,gemma-4-26b:scot,21,1,0,22,0.955,100.0,100.0,0.0,2.0,100.0,2.6,0.091,1,0,4,0.0,0.475,1938,591,9282,3580.06,ok,,,1
HumanEval/148,adversarial,gemma-4-26b:zero_shot,0,0,1,1,0.0,,,0.0,2.4,84.43,2.38,0.03,10,0,4,0.0,0.7,1055,2712,10954,2153.53,ok,,,1
HumanEval/141,actor_critic,gemma-4-26b:few_shot,11,2,0,13,0.846,92.0,90.0,0.0,4.67,74.26,2.05,0.025,23,0,4,0.0,0.7,806,397,3049,3411.57,ok,,,1
HumanEval/157,baseline,gemma-4-26b:scot,20,3,0,23,0.87,100.0,100.0,0.0,2.17,82.59,4.91,0.023,12,0,4,0.0,0.7,1910,3202,49214,641.2,ok,,,1
HumanEval/150,adversarial,gemma-4-26b:few_shot,20,0,0,20,1.0,100.0,100.0,0.5,2.75,84.0,5.5,0.042,10,1,4,0.0,0.742,0,0,0,707.53,ok,,,1
HumanEval/162,hybrid,gemma-4-26b:few_shot,6,6,0,12,0.5,100.0,100.0,0.0,2.0,83.63,3.18,0.09,6,1,4,0.0,0.642,1649,1578,5504,1414.47,ok,,,1
HumanEval/144,actor_critic,gemma-4-26b:scot,0,0,0,0,0,40.0,40.0,0.0,0,100.0,0.0,0.0,0,0,0,1.0,0.0,232,704,2763,3907.39,ok,,,1
HumanEval/145,adversarial,gemma-4-26b:scot,10,3,0,13,0.769,100.0,100.0,0.0,2.33,65.96,3.65,0.109,13,1,4,0.0,0.742,2871,3279,35640,871.77,ok,,,1
HumanEval/161,adversarial,gemma-4-26b:scot,27,1,0,28,0.964,100.0,100.0,0.0,2.0,92.0,3.53,0.037,4,1,5,0.0,0.642,237,1414,2433,603.13,ok,,,1
HumanEval/156,adversarial,gemma-4-26b:scot,28,0,0,28,1.0,100.0,100.0,0.333,2.29,68.53,3.63,0.043,7,0,4,0.0,0.625,629,2449,16215,760.61,ok,,,1
HumanEval/162,consensus,gemma-4-26b:zero_shot,0,0,0,0,0,22.22,0.0,0.0,0,100.0,0.0,0.0,0,0,0,1.0,0.0,6455,4309,54292,3453.51,ok,,,1
HumanEval/149,actor_critic,gemma-4-26b:few_shot,0,11,0,11,0.0,67.35,0.0,0.0,2.0,75.31,3.29,0.03,13,3,4,0.0,0.825,2300,4666,28397,4223.04,ok,,,1
HumanEval/159,consensus,gemma-4-26b:scot,0,0,0,0,0,28.57,0.0,0.0,0,100.0,0.0,0.0,0,0,0,1.0,0.0,2168,1597,37699,6778.92,ok,,,1
HumanEval/153,hybrid,gemma-4-26b:scot,9,3,0,12,0.75,92.5,83.33,0.0,4.0,80.55,2.07,0.034,24,1,4,0.0,0.742,2050,1499,5038,1702.73,ok,,,1
HumanEval/140,baseline,gemma-4-26b:scot,0,0,0,0,0,25.0,0.0,0.0,0,100.0,0.0,0.0,0,0,0,1.0,0.0,2340,1558,39933,1396.43,ok,,,1
HumanEval/146,consensus,gemma-4-26b:zero_shot,0,0,0,0,0,18.18,0.0,0.0,0,100.0,0.0,0.0,0,0,0,1.0,0.0,5097,1852,79425,4316.07,ok,,,1
HumanEval/153,actor_critic,gemma-4-26b:few_shot,12,0,0,12,1.0,98.11,83.33,0.4,1.83,76.37,2.52,0.061,22,3,4,0.0,0.825,3999,2346,26189,3642.73,ok,,,1
HumanEval/152,adversarial,gemma-4-26b:zero_shot,15,1,0,16,0.938,94.74,95.0,0.0,1.67,80.23,5.31,0.021,8,1,6,0.0,0.742,448,2263,4977,4472.74,ok,,,1
HumanEval/141,hybrid,gemma-4-26b:scot,37,1,0,38,0.974,100.0,100.0,0.0,1.86,83.63,3.45,0.05,13,1,5,0.0,0.792,2498,5581,10519,3366.85,ok,,,1
HumanEval/144,consensus,gemma-4-26b:zero_shot,55,0,0,55,1.0,100.0,100.0,0.0,2.5,84.31,5.31,0.065,5,0,4,0.0,0.575,6408,6854,48583,4705.43,ok,,,1
HumanEval/156,adversarial,gemma-4-26b:zero_shot,30,6,0,36,0.833,100.0,100.0,0.0,1.67,86.14,3.63,0.037,0,0,0,1.0,0.0,1349,1916,16408,567.41,ok,,,1
HumanEval/157,actor_critic,gemma-4-26b:zero_shot,0,29,0,29,0.0,42.31,42.0,0.0,1.75,86.87,8.09,0.191,14,1,5,0.0,0.792,2209,1896,9892,5492.63,ok,,,1
HumanEval/139,hybrid,gemma-4-26b:scot,0,0,1,1,0.0,,,0.0,2.29,79.94,3.6,0.044,0,0,0,1.0,0.0,3868,4021,58317,1399.2,ok,,,1
HumanEval/139,actor_critic,gemma-4-26b:scot,9,1,0,10,0.9,90.91,100.0,0.0,1.33,93.93,1.8,0.09,6,1,5,0.0,0.692,428,272,6034,4935.64,ok,,,1
HumanEval/160,baseline,gemma-4-26b:zero_shot,0,0,0,0,0,22.22,0.0,0.0,0,100.0,0.0,0.0,0,0,0,1.0,0.0,2459,1624,40114,3969.63,ok,,,1
HumanEval/156,actor_critic,gemma-4-26b:zero_shot,32,3,0,35,0.914,100.0,100.0,0.0,1.5,98.75,3.16,0.036,3,0,5,0.0,0.575,3223,1638,21746,3354.36,ok,,,1
HumanEval/163,actor_critic,gemma-4-26b:zero_shot,21,0,0,21,1.0,91.3,100.0,0.0,2.67,85.51,4.91,0.299,7,0,5,0.0,0.675,1687,2585,22018,5525.29,ok,,,1
HumanEval/145,consensus,gemma-4-26b:scot,0,0,0,0,0,15.38,0.0,0.0,0,100.0,0.0,0.0,0,0,0,1.0,0.0,2956,0,35721,4547.65,ok,,,1
HumanEval/149,baseline,gemma-4-26b:few_shot,8,0,0,8,1.0,100.0,100.0,1.0,2.12,78.61,1.9,0.056,6,2,3,0.0,0.633,966,3178,5765,1728.22,ok,,,1
HumanEval/139,adversarial,gemma-4-26b:few_shot,13,2,0,15,0.867,95.0,100.0,0.0,2.14,77.55,4.73,0.042,13,1,5,0.0,0.792,317,1197,2548,1699.51,ok,,,1
HumanEval/147,baseline,gemma-4-26b:few_shot,10,0,0,10,1.0,100.0,100.0,0.25,2.0,94.77,1.47,0.082,4,0,4,0.0,0.55,1301,2640,8698,823.68,ok,,,1
HumanEval/152,actor_critic,gemma-4-26b:zero_shot,9,0,0,9,1.0,88.89,89.0,0.0,2.0,100.0,2.15,0.129,2,0,4,0.0,0.5,4202,5676,25171,3169.64,ok,,,1
HumanEval/140,actor_critic,gemma-4-26b:zero_shot,38,0,0,38,1.0,80.0,66.67,0.0,1.67,86.74,6.07,0.127,4,0,5,0.0,0.6,2071,306,36592,3849.87,ok,,,1
HumanEval/149,baseline,gemma-4-26b:scot,10,1,0,11,0.909,100.0,100.0,0.0,2.12,80.99,2.38,0.03,9,2,4,0.0,0.758,868,3480,5170,505.53,ok,,,1
HumanEval/143,actor_critic,gemma-4-26b:few_shot,8,0,0,8,1.0,100.0,100.0,0.333,3.38,72.2,2.85,0.015,19,1,3,0.0,0.692,3592,1399,12633,3007.75,ok,,,1
HumanEval/140,actor_critic,gemma-4-26b:few_shot,34,6,0,40,0.85,100.0,100.0,0.0,1.75,90.93,6.0,0.035,7,0,5,0.0,0.675,1480,467,8261,5588.68,ok,,,1
HumanEval/152,adversarial,gemma-4-26b:few_shot,15,1,0,16,0.938,100.0,100.0,0.0,1.67,84.24,4.38,0.031,10,2,5,0.0,0.833,456,1224,2545,2076.38,ok,,,1
HumanEval/143,hybrid,gemma-4-26b:scot,0,20,0,20,0.0,44.12,0.0,0.0,2.4,80.87,3.25,0.017,8,0,4,0.0,0.65,2235,2140,15592,2178.52,ok,,,1
HumanEval/157,adversarial,gemma-4-26b:scot,20,4,0,24,0.833,100.0,100.0,0.0,1.86,79.55,6.18,0.035,12,1,5,0.0,0.792,236,1594,3123,554.99,ok,,,1
HumanEval/139,hybrid,gemma-4-26b:zero_shot,26,3,0,29,0.897,100.0,100.0,0.0,2.17,80.32,3.33,0.045,11,0,5,0.0,0.75,2431,1685,8083,1349.99,ok,,,1
HumanEval/140,baseline,gemma-4-26b:zero_shot,18,0,0,18,1.0,100.0,100.0,0.0,1.5,100.0,3.5,0.04,4,1,5,0.0,0.642,347,645,6084,367.51,ok,,,1
HumanEval/163,adversarial,gemma-4-26b:scot,0,17,0,17,0.0,55.56,56.0,0.0,2.67,88.42,4.45,0.04,6,0,4,0.0,0.6,0,0,0,468.65,ok,,,1
HumanEval/163,hybrid,gemma-4-26b:zero_shot,38,2,0,40,0.95,100.0,100.0,0.0,2.67,88.6,6.55,0.033,4,0,4,0.0,0.55,2285,3314,20436,1709.87,ok,,,1
HumanEval/160,actor_critic,gemma-4-26b:scot,0,0,1,1,0.0,,,0.0,1.67,70.84,4.73,0.01,14,1,6,0.0,0.792,1874,365,6314,2203.79,ok,,,1
HumanEval/161,baseline,gemma-4-26b:zero_shot,22,0,0,22,1.0,100.0,100.0,0.667,2.0,100.0,1.89,0.04,2,1,4,0.0,0.542,2976,1559,14776,435.4,ok,,,1
HumanEval/151,baseline,gemma-4-26b:few_shot,8,0,0,8,1.0,100.0,100.0,0.333,2.5,71.47,2.13,0.165,12,1,3,0.0,0.692,2661,4799,25657,768.28,ok,,,1
HumanEval/146,adversarial,gemma-4-26b:zero_shot,22,0,0,22,1.0,77.5,60.0,0.0,2.5,79.57,4.77,0.066,5,1,4,0.0,0.617,3720,4531,56381,848.13,ok,,,1
HumanEval/139,adversarial,gemma-4-26b:zero_shot,14,5,0,19,0.737,94.12,100.0,0.0,2.0,85.24,3.47,0.036,10,0,5,0.0,0.75,3522,4785,19267,2046.17,ok,,,1
HumanEval/139,actor_critic,gemma-4-26b:zero_shot,12,4,0,16,0.75,100.0,100.0,0.0,1.5,88.66,2.67,0.042,6,0,5,0.0,0.65,692,301,3819,2368.46,ok,,,1
HumanEval/148,consensus,gemma-4-26b:zero_shot,0,0,0,0,0,22.22,0.0,0.0,0,100.0,0.0,0.0,0,0,0,1.0,0.0,2072,0,34837,2533.44,ok,,,1
HumanEval/145,hybrid,gemma-4-26b:few_shot,0,17,0,17,0.0,33.33,0.0,0.0,2.0,91.09,2.4,0.058,2,0,4,0.0,0.5,4291,3946,15974,2089.64,ok,,,1
HumanEval/161,actor_critic,gemma-4-26b:few_shot,6,1,0,7,0.857,100.0,100.0,0.0,4.57,66.36,2.89,0.063,28,2,4,0.0,0.783,4234,3470,18984,3717.97,ok,,,1
HumanEval/158,consensus,gemma-4-26b:scot,0,0,0,0,0,16.67,0.0,0.0,0,100.0,0.0,0.0,0,0,0,1.0,0.0,4920,4721,53472,3106.49,ok,,,1
HumanEval/140,adversarial,gemma-4-26b:few_shot,25,0,0,25,1.0,100.0,100.0,0.0,2.0,90.44,4.86,0.026,4,1,5,0.0,0.642,922,3925,25232,899.0,ok,,,1
HumanEval/160,actor_critic,gemma-4-26b:few_shot,12,1,0,13,0.923,80.33,100.0,0.0,3.0,68.19,3.42,0.036,42,2,5,0.0,0.833,1434,452,4844,4513.17,ok,,,1
HumanEval/158,adversarial,gemma-4-26b:zero_shot,8,2,0,10,0.8,73.47,33.33,0.0,2.91,66.28,5.4,0.048,18,2,3,0.0,0.733,752,4022,8244,1351.68,ok,,,1
HumanEval/145,consensus,gemma-4-26b:few_shot,13,2,0,15,0.867,100.0,100.0,0.0,2.0,100.0,1.9,0.082,3,0,4,0.0,0.525,6019,2999,24191,3192.2,ok,,,1
HumanEval/161,actor_critic,gemma-4-26b:scot,19,0,0,19,1.0,100.0,100.0,0.667,2.0,61.42,2.11,0.062,5,0,4,0.0,0.575,1005,1036,10145,3730.94,ok,,,1
HumanEval/148,actor_critic,gemma-4-26b:scot,0,0,1,1,0.0,,,0.0,2.0,73.62,3.0,0.08,10,0,5,0.0,0.75,803,2,9650,4410.76,ok,,,1
HumanEval/163,hybrid,gemma-4-26b:scot,0,0,1,1,0.0,,,0.0,3.0,83.29,5.45,0.037,11,0,4,0.0,0.7,2338,2403,10150,3415.9,ok,,,1
HumanEval/153,baseline,gemma-4-26b:scot,9,0,0,9,1.0,97.5,83.33,0.4,2.86,79.53,1.81,0.056,19,0,4,0.0,0.7,417,1239,2942,1818.39,ok,,,1
HumanEval/149,hybrid,gemma-4-26b:scot,0,0,1,1,0.0,,,0.0,2.2,83.06,2.38,0.014,4,0,4,0.0,0.55,2362,4144,10056,2659.16,ok,,,1
HumanEval/152,actor_critic,gemma-4-26b:scot,9,0,0,9,1.0,100.0,100.0,0.0,2.5,75.58,3.85,0.031,12,2,4,0.0,0.783,4246,2959,47028,3355.78,ok,,,1
HumanEval/144,hybrid,gemma-4-26b:scot,0,0,1,1,0.0,,,0.0,3.5,80.59,6.92,0.047,10,1,4,0.0,0.742,2460,3077,24953,3835.36,ok,,,1
HumanEval/157,baseline,gemma-4-26b:zero_shot,19,3,0,22,0.864,100.0,100.0,0.0,2.0,94.51,3.45,0.048,4,0,4,0.0,0.55,455,1217,5612,1097.5,ok,,,1
HumanEval/150,actor_critic,gemma-4-26b:few_shot,25,1,0,26,0.962,100.0,100.0,0.0,1.75,90.61,4.7,0.022,9,0,5,0.0,0.725,1257,765,17090,3017.56,ok,,,1
HumanEval/154,actor_critic,gemma-4-26b:scot,0,0,1,1,0.0,,,0.0,3.67,67.06,3.47,0.06,28,1,4,0.0,0.742,4212,2604,23221,6318.97,ok,,,2
HumanEval/146,adversarial,gemma-4-26b:few_shot,0,19,0,19,0.0,34.48,0.0,0.0,2.0,93.59,4.38,0.028,5,1,5,0.0,0.667,1323,3199,10468,1340.19,ok,,,1
HumanEval/142,adversarial,gemma-4-26b:zero_shot,11,0,0,11,1.0,100.0,100.0,0.4,2.0,71.06,3.74,0.029,11,3,5,0.0,0.875,383,2008,7649,1705.96,ok,,,1
HumanEval/144,actor_critic,gemma-4-26b:few_shot,34,0,0,34,1.0,100.0,100.0,0.0,1.5,100.0,4.23,0.045,3,0,5,0.0,0.575,987,0,33752,3474.3,ok,,,1
HumanEval/142,baseline,gemma-4-26b:few_shot,7,0,0,7,1.0,100.0,100.0,0.6,2.14,44.43,3.53,0.039,7,2,3,0.0,0.658,1389,948,36722,749.31,ok,,,1
HumanEval/147,adversarial,gemma-4-26b:few_shot,10,1,0,11,0.909,100.0,100.0,0.0,1.8,69.68,3.47,0.039,5,1,5,0.0,0.667,1221,1815,8317,1509.08,ok,,,1
HumanEval/155,hybrid,gemma-4-26b:few_shot,26,1,0,27,0.963,100.0,100.0,0.0,3.0,91.78,4.09,0.023,71,3,4,0.0,0.825,4561,4212,21860,2359.26,ok,,,1
HumanEval/157,baseline,gemma-4-26b:few_shot,16,3,0,19,0.842,100.0,100.0,0.0,2.0,91.24,3.45,0.022,7,0,4,0.0,0.625,1922,1989,7766,423.19,ok,,,1
HumanEval/141,adversarial,gemma-4-26b:scot,30,0,0,30,1.0,100.0,100.0,0.25,2.0,83.48,2.86,0.049,12,1,4,0.0,0.742,651,1334,7329,563.52,ok,,,1
HumanEval/153,baseline,gemma-4-26b:zero_shot,14,0,0,14,1.0,96.97,83.33,0.2,3.25,85.6,1.93,0.049,15,0,4,0.0,0.7,338,868,2855,508.35,ok,,,1
HumanEval/156,consensus,gemma-4-26b:scot,0,0,0,0,0,18.18,18.0,0.0,0,100.0,0.0,0.0,0,0,0,1.0,0.0,1827,0,34592,4044.74,ok,,,1
HumanEval/151,hybrid,gemma-4-26b:few_shot,18,4,0,22,0.818,100.0,100.0,0.0,2.5,81.42,3.8,0.118,11,1,4,0.0,0.742,2088,2208,6335,2001.38,ok,,,1
HumanEval/148,baseline,gemma-4-26b:zero_shot,0,0,1,1,0.0,,,0.0,2.0,100.0,1.9,0.023,2,0,4,0.0,0.5,266,551,4931,1250.24,ok,,,1
HumanEval/147,adversarial,gemma-4-26b:zero_shot,12,1,0,13,0.923,93.75,85.71,0.0,2.57,71.39,4.06,0.065,7,0,5,0.0,0.675,1430,1215,46161,1158.04,ok,,,1
HumanEval/142,actor_critic,gemma-4-26b:zero_shot,8,1,0,9,0.889,100.0,100.0,0.0,2.0,100.0,1.05,0.061,2,0,4,0.0,0.5,568,2,8779,5189.87,ok,,,1
HumanEval/158,actor_critic,gemma-4-26b:scot,0,0,0,0,0,16.67,0.0,0.0,0,100.0,0.0,0.0,0,0,0,1.0,0.0,5472,34810,87429,2102.45,ok,,,1
HumanEval/143,actor_critic,gemma-4-26b:zero_shot,0,0,1,1,0.0,,,0.0,0,0,0,0.016,0,0,0,1.0,0.0,31293,0,64058,4479.86,ok,,,1
HumanEval/157,actor_critic,gemma-4-26b:few_shot,24,4,0,28,0.857,100.0,100.0,0.0,1.8,87.49,5.82,0.035,11,0,5,0.0,0.75,1016,396,3258,3714.18,ok,,,1
HumanEval/162,baseline,gemma-4-26b:few_shot,4,3,0,7,0.571,92.86,100.0,0.0,2.29,82.49,3.18,0.034,8,1,3,0.0,0.642,555,1485,4309,2322.14,ok,,,1
HumanEval/156,adversarial,gemma-4-26b:few_shot,30,3,0,33,0.909,100.0,100.0,0.0,1.86,83.3,4.05,0.025,9,0,5,0.0,0.725,732,2103,15158,3328.65,ok,,,1
HumanEval/154,adversarial,gemma-4-26b:few_shot,0,29,0,29,0.0,29.41,0.0,0.0,1.67,85.18,3.88,0.044,5,1,5,0.0,0.667,558,1411,7751,2054.49,ok,,,1
HumanEval/148,adversarial,gemma-4-26b:scot,0,0,0,0,0,22.22,0.0,0.0,0,100.0,0.0,0.0,0,0,0,1.0,0.0,898,896,43532,2964.2,ok,,,1
HumanEval/147,baseline,gemma-4-26b:scot,10,0,0,10,1.0,92.59,100.0,0.25,2.67,67.57,3.65,0.03,4,0,4,0.0,0.55,576,1842,17947,2904.32,ok,,,1
HumanEval/144,adversarial,gemma-4-26b:scot,0,0,0,0,0,40.0,40.0,0.0,0,100.0,0.0,0.0,0,0,0,1.0,0.0,622,984,35810,1393.89,ok,,,1
HumanEval/156,actor_critic,gemma-4-26b:few_shot,30,4,0,34,0.882,100.0,100.0,0.0,2.0,64.77,3.37,0.117,12,0,5,0.0,0.75,2832,1524,14597,3277.19,ok,,,1
HumanEval/146,hybrid,gemma-4-26b:few_shot,12,0,0,12,1.0,100.0,100.0,0.75,3.67,83.69,3.08,0.041,9,1,4,0.0,0.717,2058,2017,6658,1817.47,ok,,,1
HumanEval/143,consensus,gemma-4-26b:zero_shot,0,0,0,0,0,40.0,40.0,0.0,0,100.0,0.0,0.0,0,0,0,1.0,0.0,1433,0,34198,5099.13,ok,,,1
HumanEval/148,baseline,gemma-4-26b:scot,20,0,0,20,1.0,91.3,100.0,0.0,3.0,92.46,2.24,0.044,9,0,4,0.0,0.675,607,1671,5202,835.25,ok,,,1
HumanEval/159,hybrid,gemma-4-26b:zero_shot,24,0,0,24,1.0,81.08,50.0,0.0,2.8,80.34,2.14,0.05,4,0,4,0.0,0.55,2704,4327,26769,2016.86,ok,,,1
HumanEval/159,actor_critic,gemma-4-26b:few_shot,19,0,0,19,1.0,80.0,50.0,0.0,2.67,83.41,1.69,0.05,3,0,4,0.0,0.525,2039,1811,13068,1764.41,ok,,,1
HumanEval/148,consensus,gemma-4-26b:few_shot,32,0,0,32,1.0,100.0,100.0,0.25,3.0,98.85,2.52,0.049,8,1,4,0.0,0.692,1840,644,7215,3475.23,ok,,,1
HumanEval/139,adversarial,gemma-4-26b:scot,13,4,0,17,0.765,100.0,100.0,0.0,1.83,82.29,2.6,0.044,8,0,5,0.0,0.7,613,2587,14026,574.02,ok,,,1
HumanEval/148,actor_critic,gemma-4-26b:zero_shot,7,0,0,7,1.0,86.54,66.67,0.0,3.75,70.31,2.9,0.399,17,2,3,0.0,0.733,7353,10296,63970,1164.54,ok,,,1
HumanEval/142,actor_critic,gemma-4-26b:few_shot,9,0,0,9,1.0,78.46,62.5,0.0,2.4,68.77,4.53,0.051,10,3,4,0.0,0.825,4544,3043,64715,4012.52,ok,,,1
HumanEval/150,hybrid,gemma-4-26b:zero_shot,22,0,0,22,1.0,88.0,100.0,0.25,2.67,87.18,5.0,0.225,4,0,4,0.0,0.55,6279,3897,71941,2245.84,ok,,,1
HumanEval/148,hybrid,gemma-4-26b:few_shot,18,1,0,19,0.947,93.1,100.0,0.0,3.0,85.96,3.14,0.1,9,0,4,0.0,0.675,1887,1870,7581,1610.65,ok,,,1
HumanEval/145,consensus,gemma-4-26b:zero_shot,4,3,0,7,0.571,97.37,100.0,0.0,3.43,74.99,2.2,0.024,17,2,3,0.0,0.733,5610,3965,21418,3296.87,ok,,,1
HumanEval/145,adversarial,gemma-4-26b:few_shot,7,4,0,11,0.636,100.0,100.0,0.0,2.1,63.73,4.25,0.066,2,0,4,0.0,0.5,1041,2897,20686,708.53,ok,,,1
HumanEval/155,actor_critic,gemma-4-26b:scot,0,0,0,0,0,22.22,0.0,0.0,0,100.0,0.0,0.0,0,0,0,1.0,0.0,2306,2009,45381,3418.71,ok,,,1
HumanEval/142,hybrid,gemma-4-26b:few_shot,11,0,0,11,1.0,100.0,100.0,0.6,2.44,63.09,4.0,0.025,0,0,0,1.0,0.0,2780,1850,6342,2392.58,ok,,,1
HumanEval/146,hybrid,gemma-4-26b:zero_shot,26,0,0,26,1.0,74.29,60.0,0.0,3.67,83.27,4.85,0.062,5,1,4,0.0,0.617,4723,3056,11563,6199.76,ok,,,1
HumanEval/161,consensus,gemma-4-26b:zero_shot,38,0,0,38,1.0,100.0,100.0,0.667,2.0,82.05,3.16,0.034,2,0,4,0.0,0.5,2070,2936,15922,3348.77,ok,,,1
HumanEval/140,actor_critic,gemma-4-26b:scot,30,2,0,32,0.938,100.0,100.0,0.0,2.0,78.39,6.36,0.033,9,0,5,0.0,0.725,5045,4122,24992,3248.91,ok,,,1
HumanEval/146,baseline,gemma-4-26b:few_shot,8,0,0,8,1.0,100.0,100.0,0.25,2.25,79.49,3.23,0.075,10,1,3,0.0,0.692,359,711,2983,458.11,ok,,,1
HumanEval/158,baseline,gemma-4-26b:zero_shot,13,1,0,14,0.929,100.0,100.0,0.0,2.43,81.34,2.53,0.043,11,2,4,0.0,0.783,630,1917,11568,2249.05,ok,,,1
HumanEval/159,consensus,gemma-4-26b:zero_shot,38,0,0,38,1.0,100.0,100.0,0.2,3.5,93.46,2.21,0.071,3,0,4,0.0,0.525,1990,1034,9946,5354.88,ok,,,1
HumanEval/152,hybrid,gemma-4-26b:zero_shot,18,0,0,18,1.0,97.22,97.0,0.0,2.14,75.52,5.31,0.04,3,0,6,0.0,0.575,1755,1014,4073,1811.13,ok,,,1
HumanEval/154,adversarial,gemma-4-26b:scot,23,2,0,25,0.92,100.0,100.0,0.0,3.0,81.15,3.82,0.056,11,2,4,0.0,0.783,461,1520,9906,727.2,ok,,,1
HumanEval/153,consensus,gemma-4-26b:scot,0,0,0,0,0,11.11,0.0,0.0,0,100.0,0.0,0.0,0,0,0,1.0,0.0,1820,248,34833,3771.05,ok,,,1
HumanEval/162,actor_critic,gemma-4-26b:zero_shot,11,0,0,11,1.0,86.0,66.67,0.0,2.12,73.04,5.18,0.189,6,1,5,0.0,0.692,9064,9521,77250,1011.14,ok,,,1
HumanEval/162,hybrid,gemma-4-26b:zero_shot,9,9,0,18,0.5,82.93,50.0,0.0,2.43,75.53,5.18,0.129,12,3,5,0.0,0.875,2358,3415,17724,2268.61,ok,,,1
HumanEval/154,hybrid,gemma-4-26b:scot,0,30,0,30,0.0,44.68,0.0,0.0,2.29,77.31,4.35,0.041,0,0,0,1.0,0.0,2539,1923,5537,2304.49,ok,,,1
HumanEval/158,adversarial,gemma-4-26b:few_shot,11,0,0,11,1.0,100.0,100.0,0.667,2.78,67.62,5.0,0.086,18,1,5,0.0,0.792,491,2150,5192,1272.35,ok,,,1
HumanEval/161,consensus,gemma-4-26b:scot,0,0,0,0,0,15.38,0.0,0.0,0,100.0,0.0,0.0,0,0,0,1.0,0.0,3019,1472,40192,3446.37,ok,,,1
HumanEval/141,actor_critic,gemma-4-26b:scot,25,2,0,27,0.926,100.0,100.0,0.0,2.29,81.31,2.95,0.064,10,0,4,0.0,0.7,871,252,5360,3286.73,ok,,,1
HumanEval/155,consensus,gemma-4-26b:scot,32,1,0,33,0.97,92.31,100.0,0.0,2.25,82.34,5.18,0.086,5,1,5,0.0,0.667,1696,1799,17018,3008.24,ok,,,1
HumanEval/160,hybrid,gemma-4-26b:few_shot,32,1,0,33,0.97,100.0,100.0,0.0,2.2,89.05,2.81,0.056,0,0,0,1.0,0.0,2789,1970,6422,2061.73,ok,,,1
HumanEval/151,baseline,gemma-4-26b:scot,9,0,0,9,1.0,100.0,100.0,0.333,2.83,79.53,2.73,0.06,11,1,4,0.0,0.742,283,931,2871,508.94,ok,,,1
HumanEval/159,baseline,gemma-4-26b:few_shot,17,0,0,17,1.0,100.0,100.0,0.4,2.0,89.92,1.45,0.035,5,0,4,0.0,0.575,2875,3348,15302,367.63,ok,,,1
HumanEval/149,adversarial,gemma-4-26b:zero_shot,12,1,0,13,0.923,100.0,100.0,0.0,2.0,77.28,3.0,0.022,6,1,4,0.0,0.642,1295,3349,24752,1072.23,ok,,,1
HumanEval/163,consensus,gemma-4-26b:scot,0,0,0,0,0,50.0,50.0,0.0,0,100.0,0.0,0.0,0,0,0,1.0,0.0,1571,0,34336,3147.94,ok,,,1
HumanEval/161,actor_critic,gemma-4-26b:zero_shot,20,0,0,20,1.0,70.27,60.0,0.0,3.67,85.17,3.0,0.242,5,0,4,0.0,0.575,653,2,4746,2493.9,ok,,,1
HumanEval/148,hybrid,gemma-4-26b:scot,0,22,0,22,0.0,41.18,0.0,0.0,3.0,83.91,3.38,0.026,7,0,4,0.0,0.625,2961,2125,11163,1200.75,ok,,,1
HumanEval/139,baseline,gemma-4-26b:few_shot,7,2,0,9,0.778,100.0,100.0,0.0,1.4,73.09,1.93,0.052,7,1,5,0.0,0.717,328,352,3896,746.65,ok,,,1
HumanEval/157,consensus,gemma-4-26b:scot,0,0,0,0,0,66.67,67.0,0.0,0,100.0,0.0,0.0,0,0,0,1.0,0.0,2482,1389,42377,3621.77,ok,,,1
HumanEval/140,consensus,gemma-4-26b:scot,0,0,0,0,0,25.0,0.0,0.0,0,100.0,0.0,0.0,0,0,0,1.0,0.0,1775,806,40592,4512.08,ok,,,1
HumanEval/150,actor_critic,gemma-4-26b:zero_shot,0,0,0,0,0,40.0,40.0,0.0,0,100.0,0.0,0.0,0,0,0,1.0,0.0,2560,372,83994,3267.24,ok,,,1
HumanEval/146,consensus,gemma-4-26b:few_shot,0,0,0,0,0,18.18,0.0,0.0,0,100.0,0.0,0.0,0,0,0,1.0,0.0,2463,1488,46865,3979.96,ok,,,1
HumanEval/150,consensus,gemma-4-26b:scot,52,0,0,52,1.0,100.0,100.0,0.5,2.0,100.0,6.8,0.036,2,0,4,0.0,0.5,2218,1652,54619,4769.79,ok,,,1
HumanEval/139,baseline,gemma-4-26b:scot,11,4,0,15,0.733,100.0,100.0,0.0,1.5,89.36,1.87,0.07,6,0,5,0.0,0.65,231,922,3728,2977.2,ok,,,1
HumanEval/144,adversarial,gemma-4-26b:few_shot,0,26,0,26,0.0,50.0,50.0,0.0,2.0,88.46,4.92,0.059,2,1,4,0.0,0.542,0,0,0,3028.14,ok,,,1
HumanEval/149,adversarial,gemma-4-26b:few_shot,0,15,0,15,0.0,38.71,0.0,0.0,2.0,83.58,3.1,0.018,3,0,5,0.0,0.575,417,1380,2896,2940.77,ok,,,1
HumanEval/144,adversarial,gemma-4-26b:zero_shot,26,0,0,26,1.0,100.0,100.0,0.5,2.0,100.0,3.46,0.046,2,0,4,0.0,0.5,2345,6995,40119,2459.38,ok,,,1
HumanEval/147,consensus,gemma-4-26b:scot,20,1,0,21,0.952,100.0,100.0,0.0,2.4,56.31,2.41,0.031,8,0,4,0.0,0.65,5164,3491,26811,4782.92,ok,,,1
HumanEval/141,consensus,gemma-4-26b:scot,0,0,0,0,0,10.0,0.0,0.0,0,100.0,0.0,0.0,0,0,0,1.0,0.0,2157,1823,38070,5057.75,ok,,,1
HumanEval/149,consensus,gemma-4-26b:few_shot,0,0,0,0,0,20.0,0.0,0.0,0,100.0,0.0,0.0,0,0,0,1.0,0.0,2114,0,34879,4782.74,ok,,,1
HumanEval/163,hybrid,gemma-4-26b:few_shot,22,1,0,23,0.957,100.0,100.0,0.0,2.33,89.38,4.82,0.041,4,1,4,0.0,0.592,1875,1844,7341,1837.59,ok,,,1
HumanEval/154,consensus,gemma-4-26b:zero_shot,0,0,0,0,0,11.11,0.0,0.0,0,100.0,0.0,0.0,0,0,0,1.0,0.0,1016,0,33781,5028.83,ok,,,1
HumanEval/153,adversarial,gemma-4-26b:zero_shot,9,1,0,10,0.9,97.83,83.33,0.0,2.7,75.4,2.0,0.053,22,0,3,0.0,0.65,932,2485,13242,3164.99,ok,,,1
HumanEval/162,actor_critic,gemma-4-26b:scot,10,5,0,15,0.667,100.0,100.0,0.0,2.0,67.77,3.55,0.08,9,1,5,0.0,0.767,1988,1377,13200,2294.58,ok,,,1
HumanEval/142,hybrid,gemma-4-26b:scot,14,0,0,14,1.0,100.0,100.0,0.4,2.0,89.51,2.16,0.066,4,0,4,0.0,0.55,2203,1132,7615,2915.57,ok,,,1
HumanEval/139,baseline,gemma-4-26b:zero_shot,9,1,0,10,0.9,90.91,100.0,0.0,1.8,84.96,2.93,0.053,9,2,5,0.0,0.808,315,530,35626,1348.3,ok,,,1
HumanEval/155,baseline,gemma-4-26b:zero_shot,15,0,0,15,1.0,100.0,100.0,0.4,2.0,97.65,2.64,0.083,2,0,4,0.0,0.5,579,1621,7680,729.39,ok,,,1
HumanEval/147,consensus,gemma-4-26b:zero_shot,13,0,0,13,1.0,100.0,100.0,0.25,2.25,90.49,2.18,0.059,6,0,4,0.0,0.6,4294,2069,25651,5159.16,ok,,,1
HumanEval/143,hybrid,gemma-4-26b:few_shot,18,0,0,18,1.0,100.0,100.0,0.667,3.0,80.35,3.2,0.054,14,0,4,0.0,0.7,3945,5927,64677,3627.73,ok,,,1
HumanEval/160,adversarial,gemma-4-26b:scot,0,21,0,21,0.0,42.42,0.0,0.0,2.4,82.31,2.46,0.039,15,1,5,0.0,0.792,623,2271,11345,1287.16,ok,,,1
HumanEval/143,baseline,gemma-4-26b:zero_shot,22,0,0,22,1.0,100.0,100.0,0.667,2.0,100.0,1.8,0.023,1,0,4,0.0,0.475,5185,6178,44980,3430.65,ok,,,1
HumanEval/145,actor_critic,gemma-4-26b:scot,5,4,0,9,0.556,100.0,100.0,0.0,2.0,74.55,2.65,0.026,5,1,4,0.0,0.617,1367,2511,15177,2090.12,ok,,,1
HumanEval/152,consensus,gemma-4-26b:zero_shot,20,0,0,20,1.0,100.0,100.0,0.0,2.0,92.0,3.23,0.03,3,0,4,0.0,0.525,2401,1809,10853,4792.34,ok,,,1
HumanEval/155,hybrid,gemma-4-26b:zero_shot,30,0,0,30,1.0,75.0,0.0,0.0,2.75,84.22,5.73,0.194,4,0,5,0.0,0.6,4299,3745,54938,1424.0,ok,,,1
HumanEval/158,actor_critic,gemma-4-26b:zero_shot,4,1,0,5,0.8,70.73,33.33,0.0,3.83,76.14,3.33,0.051,15,2,3,0.0,0.733,2665,1698,13812,3204.74,ok,,,1
HumanEval/153,baseline,gemma-4-26b:few_shot,9,0,0,9,1.0,97.62,83.33,0.4,2.0,79.94,1.63,0.038,10,0,3,0.0,0.65,514,706,3168,552.46,ok,,,1
HumanEval/146,actor_critic,gemma-4-26b:zero_shot,18,1,0,19,0.947,75.0,60.0,0.0,2.67,85.16,4.69,0.257,4,0,5,0.0,0.6,1126,278,3360,4972.51,ok,,,1
HumanEval/140,consensus,gemma-4-26b:zero_shot,0,0,0,0,0,25.0,0.0,0.0,0,100.0,0.0,0.0,0,0,0,1.0,0.0,1317,0,34082,4313.54,ok,,,1
HumanEval/163,baseline,gemma-4-26b:scot,14,0,0,14,1.0,100.0,100.0,0.75,2.67,89.38,3.27,0.068,6,0,4,0.0,0.6,244,1025,3577,1693.82,ok,,,1
HumanEval/142,consensus,gemma-4-26b:scot,0,0,0,0,0,12.5,0.0,0.0,0,100.0,0.0,0.0,0,0,0,1.0,0.0,3329,0,36094,4342.1,ok,,,1
